{
    "Project Data" :{
        "Project Key Word:":{
            "value" :"2 Swichgears : Poste de Calavi - Tableaux 15kV Poste de Cococodji - Tableau 15kV"
        },
        "Switchgear Number:":{
            "value" : "NXPLUS_C-75346"
        },
        "No of Typicals":{
            "value" :""
        },
        "SAP Number:": {
            "value" : 4516784805
        },
        "No. Of Panels :":{
            "value" : "2 x 15 (2 Swichgears)"
        },
        "Customer:":{
            "value" : "OMEXOM"
        },
        " Detail Design issued for approval: ":{
            "value": ""
        },
        "Days For Approval":{
            "value": ""
        },
        "Add Participants" : {
            "value1":{
                "Participant:" : "Farchich, Samir",
                "Contact:" : "Project Manager",
                "Email Id:" : "samir.farchich@siemens.com",
                "Phone:" : "+32 493 24 19 94"
            },
            "value2":{
                "Participant:" : "",
                "Contact:" : "Project Designer ",
                "Email Id:" : "",
                "Phone:" : ""
            }
        }
    },
    "Documentation" :{
        " Please take note of the currently applied versions of CAD packages: " :{
            "value" : "ELCAD V.7.7.x"
        },
        " Documentation can be transferred in the following formats: ":{
            "value" : ["PDF","DXF","DWG"]
        },
        " Language of documentation: " :{
            "value" : "Other language: French"
        },
        "Additional terminals" :{
            "value" : ""
        }
    },
    "Parameter Setting":{
        " Parameter settings of protection relays: ":{
            "value" : "Customer"
        },
        " Parameter Settings of bus interface: " :{
            "value" : ""
        },
        "additionalParamSettings":{
            "value" : ""
        }
    },
    "Wiring Options" :{
        " CT circuit " :{
            "value" : "2,5 (Standard)"
        },
        " VT circuit ":{
            "value" : "1,5 (Standard)"
        },
        "Control":{
            "value" :"1,5 (Standard)"
        },
        "Bus Wiring":{
            "value":"2,5 (Standard)"
        },
        " Colored Insulation " :{
            "value" : "Black (Standard)"
        },
        " Wire Type ":{
            "value" : "H05V-K/H07V-K (Standard) (Silicon free, 70 °C)"
        },
        "Wire Marking":{
            "value" :"with"
        },
        "Type :":{
            "value" : "Adhesive White Label"
        },
        "Text":{
            "value" : "Other  (Connection)"
        },
        "Panel Nameplate :" :{
            "value" : "Plastic holder with paper 140 x 55 mm (Standard)"
        },
        "Control :":{
            "value" : "VBSTB4-FS"
        },
        "CT terminals:" :{
            "value":"UT 6-T/SP"
        },
        "Earth terminals :":{
            "value" : "UT 4-PE"
        },
        "Bus Wiring terminals:" : {
            "value" : "UPC3VK"
        },
        "Customer requirements for layout and connection of CT terminals :" :{
            "value" :"No"
        },
        "Customer requirements for layout and connection of VT terminals :" :{
            "value" :""
        },
        "Customer requirements for layout and connection of Tripping terminals" :{
            "value" :""
        },
        "Customer requirement for protection of Open Delta winding and connection of damping resistor :" :{
            "value" :"No"
        }
 
    },
    "Auxiliary Voltage" : {
        " Auxiliary Voltage " : {
            "value" : ""
        }
    },
    "Overall switchgear interlocking" :{
        "Overall switchgear interlocking :" :{
            "value" :"as indicated below: "
        },
        "On Load Busbar Transfer:":{
            "value" : "Not Required"
        },
        "Load Shedding:":{
            "value" : "Not Required"
        },
        "Others":{
            "value" : "Detailed Description Required"
        },
        "Description": {
            "value" : ""
        }
    },
    "Overall protection functions" : {
        "Overall protection functions :" :{
            "value" : "as indicated below:"
        }
    },
    "Heater and Lighting" :{
        "LV compartment lighting:":{
            "value" :"230V AC"
        },
        "LV compartment Heater:":{
            "value" :"230V AC"
        },
        "CB Mechanism heater":{
            "value" :""
        },
        "LV compartment Utility Socket Outlet":{
            "value" :"Yes Norm of destination country France"
        }
    },
    "Remote Control" : {
        "Remote Control" :{
            "value" : "Yes"
        }
    },
    "Typicals Section" :{
        " Select Typicals ":{
            "value1" :{
                "Technical Details for Typical" : "Outgoing Cable Feeder (=KZ02 - Départ Ligne_CB panel 630 A)",
                "Typical Designation" : "",
                "value" : {
                    "Additional Earth Switch Functions" : "Only mechanical operation"
                }
            },
            "value2" :{
                "Technical Details for Typical" : "Transformer Feeder (=KZ03 - Départ  ATR_CB panel 630 A)",
                "Protection Relay" :"according to Browser ",
                "value" : {
                    "Additional Earth Switch Functions" : "Only mechanical operation",
                    "Signals From panel" : []
                }
            }
        }
    }
}