{
    "Project Data" :{
        "Project Key Word:":{
            "value" :"ABBEYLEIX"
        },
        "Switchgear Number:":{
            "value" : "NXPLUS_C-74435"
        },
        "No of Typicals":{
            "value" :""
        },
        "SAP Number:": {
            "value" : 973340
        },
        "No. Of Panels :":{
            "value" : 11
        },
        "Customer:":{
            "value" : "ESBI"
        },
        " Detail Design issued for approval: ":{
            "value": ""
        },
        "Days For Approval":{
            "value": ""
        },
        "Add Participants" : {
            "value1":{
                "Participant:" : "Allen, Paul",
                "Contact:" : "Project Manager",
                "Email Id:" : "paulallen@siemens.com",
                "Phone:" : ""
            },
            "value2":{
                "Participant:" : "",
                "Contact:" : "Project Designer ",
                "Email Id:" : "",
                "Phone:" : ""
            }
        }
    },
    "Documentation" :{
        " Please take note of the currently applied versions of CAD packages: " :{
            "value" : "ELCAD V.7.7.x"
        },
        " Documentation can be transferred in the following formats: ":{
            "value" : ["PDF"]
        },
        " Language of documentation: " :{
            "value" : "English"
        },
        "Additional terminals" :{
            "value" : "Drawings to ESBI Standards See also customer SLD PE689-D565-001-001-004 Note this project is similar to the existing Kildare Project factory number 803039 except for items listed below for each typical"
        }
    },
    "Parameter Setting":{
        " Parameter settings of protection relays: ":{
            "value" : ""
        },
        " Parameter Settings of bus interface: " :{
            "value" : ""
        },
        "additionalParamSettings":{
            "value" : ""
        }
    },
    "Wiring Options" :{
        " CT circuit " :{
            "value" : "2,5 (Standard)"
        },
        " VT circuit ":{
            "value" : "1,5 (Standard)"
        },
        "Control":{
            "value" :"1,5 (Standard)"
        },
        "Bus Wiring":{
            "value":"2,5 (Standard)"
        },
        " Colored Insulation " :{
            "value" : "Black (Standard)"
        },
        " Wire Type ":{
            "value" : "H05V-K/H07V-K (Standard) (Silicon free, 70 °C)"
        },
        "Wire Marking":{
            "value" :"with"
        },
        "Type :":{
            "value" : "Adhesive White Label"
        },
        "Text":{
            "value" : "Source & Destination (Standard)"
        },
        "Panel Nameplate :" :{
            "value" : "Plastic holder with paper 140 x 55 mm (Standard)"
        },
        "Control :":{
            "value" : ""
        },
        "CT terminals:" :{
            "value":""
        },
        "Earth terminals :":{
            "value" : ""
        },
        "Bus Wiring terminals:" : {
            "value" : ""
        },
        "Customer requirements for layout and connection of CT terminals :" :{
            "value" :"No"
        },
        "Customer requirements for layout and connection of VT terminals :" :{
            "value" :""
        },
        "Customer requirements for layout and connection of Tripping terminals" :{
            "value" :""
        },
        "Customer requirement for protection of Open Delta winding and connection of damping resistor :" :{
            "value" :"No"
        }
 
    },
    "Auxiliary Voltage" : {
        " Auxiliary Voltage " : {
            "value" : "220 V DC"
        }
    },
    "Overall switchgear interlocking" :{
        "Overall switchgear interlocking :" :{
            "value" :""
        },
        "On Load Busbar Transfer:":{
            "value" : "Not Required"
        },
        "Load Shedding:":{
            "value" : "Not Required"
        },
        "Others":{
            "value" : ""
        },
        "Description": {
            "value" : ""
        }
    },
    "Overall protection functions" : {
        "Overall protection functions :" :{
            "value" : ""
        }
    },
    "Heater and Lighting" :{
        "LV compartment lighting:":{
            "value" :"No"
        },
        "LV compartment Heater:":{
            "value" :"No"
        },
        "CB Mechanism heater":{
            "value" :"230V AC"
        },
        "LV compartment Utility Socket Outlet":{
            "value" :"No"
        }
    },
    "Remote Control" : {
        "Remote Control" :{
            "value" : "Yes"
        }
    },
    "Typicals Section" :{
        " Select Typicals ":{
            "value1" :{
                "Technical Details for Typical" : "Feeder typical JZ20 Panels J02,J04, J08, J10 and J11",
                "Typical Designation" : "",
                "value" : {
                    "Additional Earth Switch Functions" : "Interlocked as per ESBI STANDARD"
                }
            },
            "value2" :{
                "Technical Details for Typical" : "Feeder with BUS BAR CT typical JZ21 Panel J05",
                "Protection Relay" :"Protection relays free issued by ESBI Schematics to ESBI Standards schematics Kildare factory number 803039 typical JZ21 drawing C12 Note update on drawings as below - SHEET M6 Text change for the S4 contact replace driver release with spring discharge. - SHEET M7 Add S12 normally closed contact to interlocking disconnector Q1 circuit - SHEET M9 Change in number of Star couplers see NX Tools Browser",
                "value" : {
                    "Additional Earth Switch Functions" : "Interlocked as per ESBI STANDARD",
                    "Signals From panel" : ["As per C12 Kildare drawing"]
                }
            }
        }
    }
}