{
    "Project Data" :{
        "Project Key Word:":{
            "value" :"EGIP with Metering V2"
        },
        "Switchgear Number:":{
            "value" : "NXPLUS_C-78905"
        },
        "No of Typicals":{
            "value" :""
        },
        "SAP Number:": {
            "value" : ""
        },
        "No. Of Panels :":{
            "value" : "5 x 3"
        },
        "Customer:":{
            "value" : "ESBI"
        },
        " Detail Design issued for approval: ":{
            "value": ""
        },
        "Days For Approval":{
            "value": ""
        },
        "Add Participants" : {
            "value1":{
                "Participant:" : "Allen, Paul",
                "Contact:" : "Project Manager",
                "Email Id:" : "paulallen@siemens.com",
                "Phone:" : ""
            },
            "value2":{
                "Participant:" : "",
                "Contact:" : "Project Designer ",
                "Email Id:" : "",
                "Phone:" : ""
            }
        }
    },
    "Documentation" :{
        " Please take note of the currently applied versions of CAD packages: " :{
            "value" : "ELCAD V.7.7.x"
        },
        " Documentation can be transferred in the following formats: ":{
            "value" : ["PDF"]
        },
        " Language of documentation: " :{
            "value" : "English"
        },
        "Additional terminals" :{
            "value" : "This is a new ESBI EGIP Standard 4.0 which has an extra Metering panel and different protection relays (now 2 off 7SJ8042) on panel JZ01 to what was provided on previous ESBI EGIP STANDARD 2.4 Last EGIP 2.4 Project was Stephenson EGIP Factory Number 984969"
        }
    },
    "Parameter Setting":{
        " Parameter settings of protection relays: ":{
            "value" : ""
        },
        " Parameter Settings of bus interface: " :{
            "value" : ""
        },
        "additionalParamSettings":{
            "value" : ""
        }
    },
    "Wiring Options" :{
        " CT circuit " :{
            "value" : ["2,5 (Standard)", "4,0 Metering panel only"]
        },
        " VT circuit ":{
            "value" : ["2,5 (Standard)", "2,5 Metering panel only"]
        },
        "Control":{
            "value" :"1,5 (Standard)"
        },
        "Bus Wiring":{
            "value":""
        },
        " Colored Insulation " :{
            "value" : "Black (Standard)"
        },
        " Wire Type ":{
            "value" : "H05V-K/H07V-K (Standard)(Silicon free, 70 °C)"
        },
        "Wire Marking":{
            "value" :"with"
        },
        "Type :":{
            "value" : "Adhesive White Label"
        },
        "Text":{
            "value" : "Source and Destination (Standard)"
        },
        "Panel Nameplate :" :{
            "value" : "Plastic holder with paper 140 x 55 mm (Standard)"
        },
        "Control :":{
            "value" : "VBSTB4-FS"
        },
        "CT terminals:" :{
            "value":"UT 6-T/SP"
        },
        "Earth terminals :":{
            "value" : "UT 4-PE"
        },
        "Bus Wiring terminals:" : {
            "value" : "Other  see DTO"
        },
        "Customer requirements for layout and connection of CT terminals :" :{
            "value" :"Yes Metering panel only see section F6  "
        },
        "Customer requirements for layout and connection of VT terminals :" :{
            "value" :""
        },
        "Customer requirements for layout and connection of Tripping terminals" :{
            "value" :""
        },
        "Customer requirement for protection of Open Delta winding and connection of damping resistor :" :{
            "value" :"No"
        }
 
    },
    "Auxiliary Voltage" : {
        " Auxiliary Voltage " : {
            "value" : "24V DC"
        }
    },
    "Overall switchgear interlocking" :{
        "Overall switchgear interlocking :" :{
            "value" :""
        },
        "On Load Busbar Transfer:":{
            "value" : "Not required"
        },
        "Load Shedding:":{
            "value" : "Not Required"
        },
        "Others":{
            "value" : "Detailed Description Required"
        },
        "Description": {
            "value" : ""
        }
    },
    "Detailed Description Required" : {
        "Overall protection functions :" :{
            "value" : ""
        }
    },
    "Heater and Lighting" :{
        "LV compartment lighting:":{
            "value" :""
        },
        "LV compartment Heater:":{
            "value" :""
        },
        "CB Mechanism heater":{
            "value" :"230V AC"
        },
        "LV compartment Utility Socket Outlet":{
            "value" :"No"
        }
    },
    "Remote Control" : {
        "Remote Control" :{
            "value" : "Yes via interposing relay"
        }
    },
    "Typicals Section" :{
        " Select Typicals ":{
            "value1" :{
                "Technical Details for Typical" : "Outgoing Cable Feeder JZ03",
                "Typical Designation" : "",
                "value" : {
                    "Additional Earth Switch Functions" : "Not applicable"
                }
            },
            "value2" :{
                "Technical Details for Typical" : "Metering Panel JZ02",
                "Protection Relay" :"Not applicable",
                "value" : {
                    "Additional Earth Switch Functions" : "Not applicable",
                    "Signals From panel" : ["Status indication CB, Isolator, Earth Switch", "MCB Trip", "RTU alarms as volt free contacts (shown as En alarms in above embedded drawing)"]
                }
            }
        }
    }
}