{
    "Project Data" :{
        "Project Key Word:":{
            "value" :"SE DRACO"
        },
        "Switchgear Number:":{
            "value" : "NXPLUS_C-85274"
        },
        "No of Typicals":{
            "value" :""
        },
        "SAP Number:": {
            "value" : 4518145727
        },
        "No. Of Panels :":{
            "value" : 5
        },
        "Customer:":{
            "value" : "ETRALUX"
        },
        " Detail Design issued for approval: ":{
            "value": ""
        },
        "Days For Approval":{
            "value": ""
        },
        "Add Participants" : {
            "value1":{
                "Participant:" : "Sepulveda Fernandez De Tejada, Maria",
                "Contact:" : "Project Manager",
                "Email Id:" : "maria.sepulveda@siemens.com",
                "Phone:" : ""
            },
            "value2":{
                "Participant:" : "",
                "Contact:" : "Project Designer ",
                "Email Id:" : "",
                "Phone:" : ""
            }
        }
    },
    "Documentation" :{
        " Please take note of the currently applied versions of CAD packages: " :{
            "value" : "ELCAD V.7.7.x"
        },
        " Documentation can be transferred in the following formats: ":{
            "value" : ["PDF", "DFX", "DWG"]
        },
        " Language of documentation: " :{
            "value" : "Other language: Spanish"
        },
        "Additional terminals" :{
            "value" : ""
        }
    },
    "Parameter Setting":{
        " Parameter settings of protection relays: ":{
            "value" : ""
        },
        " Parameter Settings of bus interface: " :{
            "value" : ""
        },
        "additionalParamSettings":{
            "value" : ""
        }
    },
    "Wiring Options" :{
        " CT circuit " :{
            "value" : "2,5 (Standard)"
        },
        " VT circuit ":{
            "value" : "1,5 (Standard)"
        },
        "Control":{
            "value" :"1,5 (Standard)"
        },
        "Bus Wiring":{
            "value":"2,5 (Standard)"
        },
        " Colored Insulation " :{
            "value" : "Black (Standard)"
        },
        " Wire Type ":{
            "value" : "H05Z-K/H07Z-K (halogen and silicon free, 90 °C)"
        },
        "Wire Marking":{
            "value" :"With With Connection and Dest. (for printed and adhesive lable, heat shrink. sleeves)"
        },
        "Type :":{
            "value" : "Adhesive White Label"
        },
        "Text":{
            "value" : "Source & Destination (Standard) "
        },
        "Panel Nameplate :" :{
            "value" : "Plastic holder with paper 140 x 55 mm (Standard)"
        },
        "Control :":{
            "value" : "VBSTB4-FS"
        },
        "CT terminals:" :{
            "value":"UT 6-T/SP"
        },
        "Earth terminals :":{
            "value" : "UT 4-PE"
        },
        "Bus Wiring terminals:" : {
            "value" : "UPC3VK"
        },
        "Customer requirements for layout and connection of CT terminals :" :{
            "value" :"Yes (provide detail)   typical =HZ03 Inverted polarity P2-P1"
        },
        "Customer requirements for layout and connection of VT terminals :" :{
            "value" :""
        },
        "Customer requirements for layout and connection of Tripping terminals" :{
            "value" :""
        },
        "Customer requirement for protection of Open Delta winding and connection of damping resistor :" :{
            "value" :"No"
        }
 
    },
    "Auxiliary Voltage" : {
        " Auxiliary Voltage " : {
            "value" : "External supply fed into panel: YES Monitored in panel: +H01"
        }
    },
    "Overall switchgear interlocking" :{
        "Overall switchgear interlocking :" :{
            "value" :"as indicated below:"
        },
        "On Load Busbar Transfer:":{
            "value" : "Not required"
        },
        "Load Shedding:":{
            "value" : "Not Required"
        },
        "Others":{
            "value" : "Detailed description required"
        },
        "Description": {
            "value" : ""
        }
    },
    "Detailed Description Required" : {
        "Overall protection functions :" :{
            "value" : ""
        }
    },
    "Heater and Lighting" :{
        "LV compartment lighting:":{
            "value" :"230V AC      "
        },
        "LV compartment Heater:":{
            "value" :"230V AC      "
        },
        "CB Mechanism heater":{
            "value" :"No"
        },
        "LV compartment Utility Socket Outlet":{
            "value" :"Yes Norm of destination country SPAIN"
        }
    },
    "Remote Control" : {
        "Remote Control" :{
            "value" : "with Local / Remote switch conventional switch  (e.g. toggle or key switch)"
        }
    },
    "Typicals Section" :{
        " Select Typicals ":{
            "value1" :{
                "Technical Details for Typical" : "Transformer Feeder: Typical =HZ01",
                "Typical Designation" : "",
                "value" : {
                    "Additional Earth Switch Functions" : ""
                }
            },
            "value2" :{
                "Technical Details for Typical" : "Outgoing Cable Feeder: Typical =HZ03",
                "Protection Relay" :"Customer supply: protection relay IRLF1BCAAAABA1A1000Z-0110",
                "value" : {
                    "Additional Earth Switch Functions" : "",
                    "Signals From panel" : ["Status indication CB, Isolator, Earth Switch", "MCB Trip", "SF6 Gas Fault", "CB Trip indication", "Spare DO/DI wired to terminals", "Spare wired to terminals", "See excel file “List of Signals_ Draco & El Pisón_v00”"]
                }
            }
        }
    }
}