{
    "Project Data" :{
        "Project Key Word:":{
            "value" :"Kesonmäki (KNÄ) sähköasema, Keso 30kV 9-kenttää"
        },
        "Switchgear Number:":{
            "value" : "NXPLUS_C-87159"
        },
        "No of Typicals":{
            "value" :""
        },
        "SAP Number:": {
            "value" : 4513341028
        },
        "No. Of Panels :":{
            "value" : 9
        },
        "Customer:":{
            "value" : "Puhuri, Tuulikaarron Voima Oy"
        },
        " Detail Design issued for approval: ":{
            "value": ""
        },
        "Days For Approval":{
            "value": ""
        },
        "Add Participants" : {
            "value1":{
                "Participant:" : "Hakan Yilmaz",
                "Contact:" : "RC Order Contact",
                "Email Id:" : "hakan.yilmaz@siemens.com",
                "Phone:" : "+358 50 316 4150"
            },
            "value2":{
                "Participant:" : "Markus Lepistö",
                "Contact:" : "RC Eng. Contact",
                "Email Id:" : "markus.lepisto@siemens.com",
                "Phone:" : "+358 50 410 1153"
            }
        }
    },
    "Documentation" :{
        " Please take note of the currently applied versions of CAD packages: " :{
            "value" : "ELCAD V.7.7.x"
        },
        " Documentation can be transferred in the following formats: ":{
            "value" : ["PDF","DXF","DWG"]
        },
        " Language of documentation: " :{
            "value" : "English"
        },
        "Additional terminals" :{
            "value" : ""
        }
    },
    "Parameter Setting":{
        " Parameter settings of protection relays: ":{
            "value" : "Customer"
        },
        " Parameter Settings of bus interface: " :{
            "value" : "Customer"
        },
        "additionalParamSettings":{
            "value" : ""
        }
    },
    "Wiring Options" :{
        " CT circuit " :{
            "value" : "4,0 "
        },
        " VT circuit ":{
            "value" : "2,5"
        },
        "Control":{
            "value" :"1,5 (Standard)"
        },
        "Bus Wiring":{
            "value":"4,0 "
        },
        " Colored Insulation " :{
            "value" : "Black (Standard)"
        },
        " Wire Type ":{
            "value" : "H05V-K/H07V-K (Standard)"
        },
        "Wire Marking":{
            "value" :"With"
        },
        "Type :":{
            "value" : "White Label"
        },
        "Text":{
            "value" : "Connection (Standard)"
        },
        "Panel Nameplate :" :{
            "value" : "Plastic holder with paper 140 x 55 mm (Standard)"
        },
        "Control :":{
            "value" : ""
        },
        "CT terminals:" :{
            "value":""
        },
        "Earth terminals :":{
            "value" : ""
        },
        "Bus Wiring terminals:" : {
            "value" : ""
        },
        "Customer requirements for layout and connection of CT terminals :" :{
            "value" :"No"
        },
        "Customer requirements for layout and connection of VT terminals :" :{
            "value" :""
        },
        "Customer requirements for layout and connection of Tripping terminals" :{
            "value" :""
        },
        "Customer requirement for protection of Open Delta winding and connection of damping resistor :" :{
            "value" :"No"
        }
 
    },
    "Auxiliary Voltage" : {
        " Auxiliary Voltage " : {
            "value" : ["H01","10mm2 terminals for supply"]
        }
    },
    "Overall switchgear interlocking" :{
        "Overall switchgear interlocking :" :{
            "value" :"according to drawings 992136"
        },
        "On Load Busbar Transfer:":{
            "value" : "Not required"
        },
        "Load Shedding:":{
            "value" : "Not required"
        },
        "Others":{
            "value" : ""
        },
        "Description": {
            "value" : "Detailed description required: 992136"
        }
    },
    "Overall protection functions" : {
        "Overall protection functions :" :{
            "value" : ["according to drawings 992136","Reverse Interlocking BB protection","Hardwired","Breaker Failure protection (50BF)","Hardwired"]
        }
    },
    "Heater and Lighting" :{
        "LV compartment lighting:":{
            "value" :"No"
        },
        "LV compartment Heater:":{
            "value" :"No"
        },
        "CB Mechanism heater":{
            "value" :["No"]
        },
        "LV compartment Utility Socket Outlet":{
            "value" :"No"
        }
    },
    "Remote Control" : {
        "Remote Control" :{
            "value" : [""]
        }
    },
    "Typicals Section" :{
        " Select Typicals ":{
            "value1" :{
                "Technical Details for Typical" : "HZ01, 02, 03, 07, 08",
                "Typical Designation" : "",
                "value" : {
                    "Additional Earth Switch Functions" : ""
                }
            },
            "value2" :{
                "Technical Details for Typical" : "HZ04, Bus sectioanalizer",
                "Protection Relay" :"according to SEDIS+",
                "value" : {
                    "Additional Earth Switch Functions" : "",
                    "Signals From panel" : [""]
                }
            }
        }
    }
}