{
    "Project Data" :{
        "Project Key Word:":{
            "value" :"SET AUGUSTO"
        },
        "Switchgear Number:":{
            "value" : "NXPLUS_C-75788"
        },
        "No of Typicals":{
            "value" :""
        },
        "SAP Number:": {
            "value" :""
        },
        "No. Of Panels :":{
            "value" : 6
        },
        "Customer:":{
            "value" : "AMETEL"
        },
        " Detail Design issued for approval: ":{
            "value": ""
        },
        "Days For Approval":{
            "value": ""
        },
        "Add Participants" : {
            "value1":{
                "Participant:" : "Ruiz Pinedo, Patricia Isabel",
                "Contact:" : "Project Manager",
                "Email Id:" : "patricia.ruiz_pinedo@siemens.com",
                "Phone:" : ""
            },
            "value2":{
                "Participant:" : "",
                "Contact:" : "",
                "Email Id:" : "",
                "Phone:" : ""
            }
        }
    },
    "Documentation" :{
        " Please take note of the currently applied versions of CAD packages: " :{
            "value" : ""
        },
        " Documentation can be transferred in the following formats: ":{
            "value" : ""
        },
        " Language of documentation: " :{
            "value" : "Spanish"
        },
        "Additional terminals" :{
            "value" : ""
        }
    },
    "Parameter Setting":{
        " Parameter settings of protection relays: ":{
            "value" : "Customer"
        },
        " Parameter Settings of bus interface: " :{
            "value" : "Customer"
        },
        "additionalParamSettings":{
            "value" : ""
        }
    },
    "Wiring Options" :{
        " CT circuit " :{
            "value" : "2,5 (Standard)"
        },
        " VT circuit ":{
            "value" : "1,5 (Standard)"
        },
        "Control":{
            "value" :"1,5 (Standard)"
        },
        "Bus Wiring":{
            "value":"2,5 (Standard)"
        },
        " Colored Insulation " :{
            "value" : "Black (Standard)"
        },
        " Wire Type ":{
            "value" : "H05Z-K/H07Z-Kp(halogen and silicon free, 90 °C))"
        },
        "Wire Marking":{
            "value" :"with"
        },
        "Type :":{
            "value" : "Adhesive White Label"
        },
        "Text":{
            "value" : "Source & Destination (Standard)"
        },
        "Panel Nameplate :" :{
            "value" : "Plastic holder with paper 140 x 55 mm (Standard)"
        },
        "Control :":{
            "value" : "VBSTB4-FS"
        },
        "CT terminals:" :{
            "value":"UT 6-T/SP"
        },
        "Earth terminals :":{
            "value" : "UT 4-PE"
        },
        "Bus Wiring terminals:" : {
            "value" : "UPC3VK"
        },
        "Customer requirements for layout and connection of CT terminals :" :{
            "value" :"No"
        },
        "Customer requirements for layout and connection of VT terminals :" :{
            "value" :""
        },
        "Customer requirements for layout and connection of Tripping terminals" :{
            "value" :""
        },
        "Customer requirement for protection of Open Delta winding and connection of damping resistor :" :{
            "value" :"No"
        }
 
    },
    "Auxiliary Voltage" : {
        " Auxiliary Voltage " : {
            "value" : ""
        }
    },
    "Overall switchgear interlocking" :{
        "Overall switchgear interlocking :" :{
            "value" :"as indicated below: "
        },
        "On Load Busbar Transfer:":{
            "value" : "Not Required"
        },
        "Load Shedding:":{
            "value" : "Not Required"
        },
        "Others":{
            "value" : ""
        },
        "Description": {
            "value" : ""
        }
    },
    "Overall protection functions" : {
        "Overall protection functions :" :{
            "value" : ""
        }
    },
    "Heater and Lighting" :{
        "LV compartment lighting:":{
            "value" :"230V AC"
        },
        "LV compartment Heater:":{
            "value" :""
        },
        "CB Mechanism heater":{
            "value" :""
        },
        "LV compartment Utility Socket Outlet":{
            "value" :"Yes"
        }
    },
    "Remote Control" : {
        "Remote Control" :{
            "value" : ["Yes","with Local / Remote switch","conventional switch  (e.g. toggle or key switch)- Local and remote signals wired to leds with the following color coding Green color for Local and Red color for Remote"]
        }
    },
    "Typicals Section" :{
        " Select Typicals ":{
            "value1" :{
                "Technical Details for Typical" : "Incomer: HZ01, HZ05",
                "Typical Designation" : "",
                "value" : {
                    "Additional Earth Switch Functions" : "Only mechanical operation"
                }
            },
            "value2" :{
                "Technical Details for Typical" : "Transformer Feeder : HZ04",
                "Protection Relay" :"F650-N-F-H-F-1-G-1-HI-S-6E ",
                "value" : {
                    "Additional Earth Switch Functions" : "Only mechanical operation",
                    "Signals From panel" : ["Status indication CB, Isolator, Earth Switch 2NO+2NC for closed and 2NO+2NC for open","MCB Trip","CB Trip indication","Protection relay fault","Protecion relay MCB trip"]
                }
            }
        }
    }
}