{
    "Project Data" :{
        "Project Key Word:":{
            "value" :"Rathkeale"
        },
        "Switchgear Number:":{
            "value" : "NXPLUS_C-74285"
        },
        "No of Typicals":{
            "value" :"0"
        },
        "SAP Number:": {
            "value" :972825
        },
        "No. Of Panels :":{
            "value" : 11
        },
        "Customer:":{
            "value" : "ESBI"
        },
        " Detail Design issued for approval: ":{
            "value": ""
        },
        "Days For Approval":{
            "value": ""
        },
        "Add Participants" : {
            "value1":{
                "Participant:" : "Allen, Paul",
                "Contact:" : "Project Manager",
                "Email Id:" : "paulallen@siemens.com",
                "Phone:" : ""
            },
            "value2":{
                "Participant:" : "",
                "Contact:" : "",
                "Email Id:" : "",
                "Phone:" : ""
            }
        }
    },
    "Documentation" :{
        " Please take note of the currently applied versions of CAD packages: " :{
            "value" : "ELCAD V.7.7.x"
        },
        " Documentation can be transferred in the following formats: ":{
            "value" : "PDF"
        },
        " Language of documentation: " :{
            "value" : "English"
        },
        "Additional terminals" :{
            "value" : "Drawings to ESBI Standards,See also customer SLD PE492-D041-065-001-001 with mark up,Note this project is similar to the existing Charleville Project factory number 915342 ,Using remote RTU with 24V DC Interposing relays,Note new anti-pumping device to be used on circuit breaker,Interposing open and close relays K21/K22 types changed"
        }
    },
    "Parameter Setting":{
        " Parameter settings of protection relays: ":{
            "value" : ""
        },
        " Parameter Settings of bus interface: " :{
            "value" : ""
        },
        "additionalParamSettings":{
            "value" : ""
        }
    },
    "Wiring Options" :{
        " CT circuit " :{
            "value" : "2,5 (Standard)"
        },
        " VT circuit ":{
            "value" : "1,5 (Standard)"
        },
        "Control":{
            "value" :"1,5 (Standard)"
        },
        "Bus Wiring":{
            "value":"2,5 (Standard)"
        },
        " Colored Insulation " :{
            "value" : "Black (Standard)"
        },
        " Wire Type ":{
            "value" : "H05V-K/H07V-K (Standard)(Silicon free, 70 °C)"
        },
        "Wire Marking":{
            "value" :"with"
        },
        "Type :":{
            "value" : "Adhesive White Label"
        },
        "Text":{
            "value" : "Source & Destination (Standard)"
        },
        "Panel Nameplate :" :{
            "value" : "Plastic holder with paper 140 x 55 mm (Standard)"
        },
        "Control :":{
            "value" : ""
        },
        "CT terminals:" :{
            "value":""
        },
        "Earth terminals :":{
            "value" : ""
        },
        "Bus Wiring terminals:" : {
            "value" : ""
        },
        "Customer requirements for layout and connection of CT terminals :" :{
            "value" :"No"
        },
        "Customer requirements for layout and connection of VT terminals :" :{
            "value" :""
        },
        "Customer requirements for layout and connection of Tripping terminals" :{
            "value" :""
        },
        "Customer requirement for protection of Open Delta winding and connection of damping resistor :" :{
            "value" :"No"
        }
 
    },
    "Auxiliary Voltage" : {
        " Auxiliary Voltage " : {
            "value" : ""
        }
    },
    "Overall switchgear interlocking" :{
        "Overall switchgear interlocking :" :{
            "value" :""
        },
        "On Load Busbar Transfer:":{
            "value" : "Not Required"
        },
        "Load Shedding:":{
            "value" : "Not Required"
        },
        "Others":{
            "value" : ""
        },
        "Description": {
            "value" : ""
        }
    },
    "Overall protection functions" : {
        "Overall protection functions :" :{
            "value" : ""
        }
    },
    "Heater and Lighting" :{
        "LV compartment lighting:":{
            "value" :"No"
        },
        "LV compartment Heater:":{
            "value" :"No"
        },
        "CB Mechanism heater":{
            "value" :"230V AC"
        },
        "LV compartment Utility Socket Outlet":{
            "value" :"No"
        }
    },
    "Remote Control" : {
        "Remote Control" :{
            "value" : ["Yes","via interposing relays K21/K22"]
        }
    },
    "Typicals Section" :{
        " Select Typicals ":{
            "value1" :{
                "Technical Details for Typical" : "JZ18 panels J03 & J09",
                "Typical Designation" : "",
                "value" : {
                    "Additional Earth Switch Functions" : "Only mechanical operation"
                }
            },
            "value2" :{
                "Technical Details for Typical" : "Feeder Typical JZ20 J01, J02, J04, J08, J10 & J11",
                "Protection Relay" :"",
                "value" : {
                    "Additional Earth Switch Functions" : "Only mechanical operation",
                    "Signals From panel" : []
                }
            }
        }
    }
}