{
    "Project Data" :{
        "Project Key Word:":{
            "value" :"JUURAKKO 33KV SWITCHGEAR"
        },
        "Switchgear Number:":{
            "value" : "NXPLUS_C-83175"
        },
        "No of Typicals":{
            "value" :""
        },
        "SAP Number:": {
            "value" : 999675
        },
        "No. Of Panels :":{
            "value" : 4
        },
        "Customer:":{
            "value" : "VSB Uusiutuva Energia Suomi Oy"
        },
        " Detail Design issued for approval: ":{
            "value": ""
        },
        "Days For Approval":{
            "value": ""
        },
        "Add Participants" : {
            "value1":{
                "Participant:" : "Uusitalo, Riku",
                "Contact:" : "Project Manager",
                "Email Id:" : "riku.uusitalo@siemens.com",
                "Phone:" : "+358 10 5113834"
            },
            "value2":{
                "Participant:" : "",
                "Contact:" : "Project Designer ",
                "Email Id:" : "",
                "Phone:" : ""
            }
        }
    },
    "Documentation" :{
        " Please take note of the currently applied versions of CAD packages: " :{
            "value" : "ELCAD V.7.7.x"
        },
        " Documentation can be transferred in the following formats: ":{
            "value" : ["PDF","DXF","DWG"]
        },
        " Language of documentation: " :{
            "value" : "English"
        },
        "Additional terminals" :{
            "value" : ""
        }
    },
    "Parameter Setting":{
        " Parameter settings of protection relays: ":{
            "value" : ""
        },
        " Parameter Settings of bus interface: " :{
            "value" : ""
        },
        "additionalParamSettings":{
            "value" : ""
        }
    },
    "Wiring Options" :{
        " CT circuit " :{
            "value" : "4,0"
        },
        " VT circuit ":{
            "value" : "2,5"
        },
        "Control":{
            "value" :"1,5 (Standard)"
        },
        "Bus Wiring":{
            "value":"4,0"
        },
        " Colored Insulation " :{
            "value" : "Black (Standard)"
        },
        " Wire Type ":{
            "value" : "H05V-K/H07V-K (Standard)"
        },
        "Wire Marking":{
            "value" :"With"
        },
        "Type :":{
            "value" : "Adhesive White Label"
        },
        "Text":{
            "value" : "Other"
        },
        "Panel Nameplate :" :{
            "value" : "Plastic holder with paper 140 x 55 mm (Standard)"
        },
        "Control :":{
            "value" : "VBSTB4-FS"
        },
        "CT terminals:" :{
            "value":"UT 6-T/SP"
        },
        "Earth terminals :":{
            "value" : "UT 4-PE"
        },
        "Bus Wiring terminals:" : {
            "value" : "UPC3VK"
        },
        "Customer requirements for layout and connection of CT terminals :" :{
            "value" :"No"
        },
        "Customer requirements for layout and connection of VT terminals :" :{
            "value" :""
        },
        "Customer requirements for layout and connection of Tripping terminals" :{
            "value" :""
        },
        "Customer requirement for protection of Open Delta winding and connection of damping resistor :" :{
            "value" :"No"
        }
 
    },
    "Auxiliary Voltage" : {
        " Auxiliary Voltage " : {
            "value" : "H04"
        }
    },
    "Overall switchgear interlocking" :{
        "Overall switchgear interlocking :" :{
            "value" :""
        },
        "On Load Busbar Transfer:":{
            "value" : "Not required"
        },
        "Load Shedding:":{
            "value" : "Not required"
        },
        "Others":{
            "value" : ""
        },
        "Description": {
            "value" : "similar as in project 982380"
        }
    },
    "Overall protection functions" : {
        "Overall protection functions :" :{
            "value" : ["Reverse Interlocking BB protection","Hardwired","Breaker Failure protection (50BF)","Hardwired"]
        }
    },
    "Heater and Lighting" :{
        "LV compartment lighting:":{
            "value" :"No"
        },
        "LV compartment Heater:":{
            "value" :"No"
        },
        "CB Mechanism heater":{
            "value" :"No"
        },
        "LV compartment Utility Socket Outlet":{
            "value" :"No"
        }
    },
    "Remote Control" : {
        "Remote Control" :{
            "value" : ""
        }
    },
    "Typicals Section" :{
        " Select Typicals ":{
            "value1" :{
                "Technical Details for Typical" : "Incomer",
                "Typical Designation" : "",
                "value" : {
                    "Additional Earth Switch Functions" : ""
                }
            },
            "value2" :{
                "Technical Details for Typical" : "Transformer Feeder",
                "Protection Relay" :"Look reference project 983069 HZ04",
                "value" : {
                    "Additional Earth Switch Functions" : "",
                    "Signals From panel" : []
                }
            }
        }
    }
}