{
    "Project Data" :{
        "Project Key Word:":{
            "value" :"Rio Tinto Mesa J Laydown 33kV Switchboard"
        },
        "Switchgear Number:":{
            "value" : "NXPLUS_C-83899"
        },
        "No of Typicals":{
            "value" :""
        },
        "SAP Number:": {
            "value" : ""
        },
        "No. Of Panels :":{
            "value" : 3
        },
        "Customer:":{
            "value" : "Rio Tinto Ltd (Perth)"
        },
        " Detail Design issued for approval: ":{
            "value": ""
        },
        "Days For Approval":{
            "value": 10
        },
        "Add Participants" : {
            "value1":{
                "Participant:" : "Wasif Ali Khan",
                "Contact:" : "Project Manager",
                "Email Id:" : "wasif.khan@siemens.com",
                "Phone:" : ""
            },
            "value2":{
                "Participant:" : "Wang, Bo",
                "Contact:" : "Project Designer ",
                "Email Id:" : "beau.wang@siemens.com",
                "Phone:" : ""
            }
        }
    },
    "Documentation" :{
        " Please take note of the currently applied versions of CAD packages: " :{
            "value" : ""
        },
        " Documentation can be transferred in the following formats: ":{
            "value" : ["PDF","DXF","DWG"]
        },
        " Language of documentation: " :{
            "value" : "English"
        },
        "Additional terminals" :{
            "value" : ""
        }
    },
    "Parameter Setting":{
        " Parameter settings of protection relays: ":{
            "value" : "SWF"
        },
        " Parameter Settings of bus interface: " :{
            "value" : "SWF"
        },
        "additionalParamSettings":{
            "value" : ""
        }
    },
    "Wiring Options" :{
        " CT circuit " :{
            "value" : "4,0"
        },
        " VT circuit ":{
            "value" : "2,5"
        },
        "Control":{
            "value" :"1,5 (Standard)"
        },
        "Bus Wiring":{
            "value":"2,5 (Standard)"
        },
        " Colored Insulation " :{
            "value" : "Black (Standard)"
        },
        " Wire Type ":{
            "value" : "H05V-K/H07V-K (Standard)"
        },
        "Wire Marking":{
            "value" :"With"
        },
        "Type :":{
            "value" : "Adhesive White Label"
        },
        "Text":{
            "value" : "Source and Destination (Standard)"
        },
        "Panel Nameplate :" :{
            "value" : "Other  Engraved Traffolyte or Gravoply label, adhesive type."
        },
        "Control :":{
            "value" : "VBSTB4-FS"
        },
        "CT terminals:" :{
            "value":"UT 6-T/SP"
        },
        "Earth terminals :":{
            "value" : "UT 4-PE"
        },
        "Bus Wiring terminals:" : {
            "value" : "UPC3VK"
        },
        "Customer requirements for layout and connection of CT terminals :" :{
            "value" :"Yes (provide detail) CT to be wired in the way shown in PCMI. This is to allow for spare wiring capability for bus bar protection relay (if required by customer) which will be installed in a separate protection panel. Please also pay attention to whether S1 or S2 should be neutralized per PCMI. In case CT leads are supplied in black colour, please just colour marking sleeves: red/white/blue for L1/L2/L3."
        },
        "Customer requirements for layout and connection of VT terminals :" :{
            "value" :""
        },
        "Customer requirements for layout and connection of Tripping terminals" :{
            "value" :""
        },
        "Customer requirement for protection of Open Delta winding and connection of damping resistor :" :{
            "value" :"No. Please leave the open delta core of VT as unused."
        }
 
    },
    "Auxiliary Voltage" : {
        " Auxiliary Voltage " : {
            "value" : "110V DC"
        }
    },
    "Overall switchgear interlocking" :{
        "Overall switchgear interlocking :" :{
            "value" :"as indicated below"
        },
        "On Load Busbar Transfer:":{
            "value" : "Not required"
        },
        "Load Shedding:":{
            "value" : "Not required"
        },
        "Others":{
            "value" : ""
        },
        "Description": {
            "value" : ""
        }
    },
    "Overall protection functions" : {
        "Overall protection functions :" :{
            "value" : ["Hardwired","Breaker Failure protection (50BF)50BF is not required in this project; however, please provide it per PCMI as a spare functionality.","Busbar Differential protection (87B)87B is not required in this project; however, please provide it per PCMI as a spare functionality."]
        }
    },
    "Heater and Lighting" :{
        "LV compartment lighting:":{
            "value" :["110V DC","Please note in NXTOOLS+ 110V DC can not be selected for LV lighting and heater. Please provided lighting and heater with 110V DC."]
        },
        "LV compartment Heater:":{
            "value" :["Yes","110V DC"]
        },
        "CB Mechanism heater":{
            "value" :["Yes","110V DC"]
        },
        "LV compartment Utility Socket Outlet":{
            "value" :"No"
        }
    },
    "Remote Control" : {
        "Remote Control" :{
            "value" : ["Yes","with Local / Remote switch","in Siprotec","conventional switch  (e.g. toggle or key switch)"]
        }
    },
    "Typicals Section" :{
        " Select Typicals ":{
            "value1" :{
                "Technical Details for Typical" : "HZ01",
                "Typical Designation" : "",
                "value" : {
                    "Additional Earth Switch Functions" : ["Conventional control elements(e.g. control switch, pushbutton)","Protection relay with control"]
                }
            },
            "value2" :{
                "Technical Details for Typical" : "HZ02, (small transformer feeders)",
                "Protection Relay" :"as indicated below",
                "value" : {
                    "Additional Earth Switch Functions" : ["Conventional control elements(e.g. control switch, pushbutton)","Protection relay with control"],
                    "Signals From panel" : []
                }
            }
        }
    }
}