{
    "Project Data" :{
        "Project Key Word:":{
            "value" :"Bagenalstown"
        },
        "Switchgear Number:":{
            "value" : "NXPLUS_C-74608"
        },
        "No of Typicals":{
            "value" :""
        },
        "SAP Number:": {
            "value" : 973320
        },
        "No. Of Panels :":{
            "value" : 16
        },
        "Customer:":{
            "value" : "ATLANTIC PROJECTS COMPANY LTD (DUN LAOGHAIRE)"
        },
        " Detail Design issued for approval: ":{
            "value": ""
        },
        "Days For Approval":{
            "value": ""
        },
        "Add Participants" : {
            "value1":{
                "Participant:" : "Allen, Paul",
                "Contact:" : "Project Manager",
                "Email Id:" : "paulallen@siemens.com",
                "Phone:" : ""
            },
            "value2":{
                "Participant:" : "",
                "Contact:" : "Project Designer ",
                "Email Id:" : "",
                "Phone:" : ""
            }
        }
    },
    "Documentation" :{
        " Please take note of the currently applied versions of CAD packages: " :{
            "value" : "ELCAD V.7.7.x"
        },
        " Documentation can be transferred in the following formats: ":{
            "value" : "PDF"
        },
        " Language of documentation: " :{
            "value" : "English"
        },
        "Additional terminals" :{
            "value" : ""
        }
    },
    "Parameter Setting":{
        " Parameter settings of protection relays: ":{
            "value" : ""
        },
        " Parameter Settings of bus interface: " :{
            "value" : ""
        },
        "additionalParamSettings":{
            "value" : ""
        }
    },
    "Wiring Options" :{
        " CT circuit " :{
            "value" : "2,5 (Standard)"
        },
        " VT circuit ":{
            "value" : "1,5 (Standard)"
        },
        "Control":{
            "value" :"1,5 (Standard)"
        },
        "Bus Wiring":{
            "value":"2,5 (Standard)"
        },
        " Colored Insulation " :{
            "value" : "Black (Standard)"
        },
        " Wire Type ":{
            "value" : "H05V-K/H07V-K (Standard)"
        },
        "Wire Marking":{
            "value" :["With","Without (Standard)"]
        },
        "Type :":{
            "value" : "Adhesive White Label"
        },
        "Text":{
            "value" : "Source & Destination (Standard) "
        },
        "Panel Nameplate :" :{
            "value" : "Plastic holder with paper 140 x 55 mm (Standard)"
        },
        "Control :":{
            "value" : ""
        },
        "CT terminals:" :{
            "value":""
        },
        "Earth terminals :":{
            "value" : ""
        },
        "Bus Wiring terminals:" : {
            "value" : ""
        },
        "Customer requirements for layout and connection of CT terminals :" :{
            "value" :"No"
        },
        "Customer requirements for layout and connection of VT terminals :" :{
            "value" :""
        },
        "Customer requirements for layout and connection of Tripping terminals" :{
            "value" :""
        },
        "Customer requirement for protection of Open Delta winding and connection of damping resistor :" :{
            "value" :"No"
        }
 
    },
    "Auxiliary Voltage" : {
        " Auxiliary Voltage " : {
            "value" : "220V DC Bus section panel J08"
        }
    },
    "Overall switchgear interlocking" :{
        "Overall switchgear interlocking :" :{
            "value" :""
        },
        "On Load Busbar Transfer:":{
            "value" : "Not required"
        },
        "Load Shedding:":{
            "value" : "Not required"
        },
        "Others":{
            "value" : ""
        },
        "Description": {
            "value" : ""
        }
    },
    "Overall protection functions" : {
        "Overall protection functions :" :{
            "value" : ["Hardwired","Bus","Breaker Failure protection (50BF)","Busbar Differential protection (87B)"]
        }
    },
    "Heater and Lighting" :{
        "LV compartment lighting:":{
            "value" :"No"
        },
        "LV compartment Heater:":{
            "value" :"No"
        },
        "CB Mechanism heater":{
            "value" :["Yes","230V AC"]
        },
        "LV compartment Utility Socket Outlet":{
            "value" :"No"
        }
    },
    "Remote Control" : {
        "Remote Control" :{
            "value" : ["Yes","in Protection relay"]
        }
    },
    "Typicals Section" :{
        " Select Typicals ":{
            "value1" :{
                "Technical Details for Typical" : "Incomer JZ22 typical Panel J05  & JZ18 typical Panel J111",
                "Typical Designation" : "",
                "value" : {
                    "Additional Earth Switch Functions" : "Interlocked as per ESBI STANDARD"
                }
            },
            "value2" :{
                "Technical Details for Typical" : "Transformer Feeder typical JZ20 panels",
                "Protection Relay" :"Protection relays free issued by ESBI Schematics to ESBI Standards schematics Convoy factory number 968774 typical JZ20 drawing C2",
                "value" : {
                    "Additional Earth Switch Functions" : "Interlocked as per ESBI STANDARD",
                    "Signals From panel" : ["Status indication CB, Isolator, Earth Switch","MCB Trip","SF6 Gas Fault","CB Trip indication","cbf back trip","RBB FWD Detect"]
                }
            }
        }
    }
}