{
    "Project Data" :{
        "Project Key Word:":{
            "value" :"PSFV Peñaflor"
        },
        "Switchgear Number:":{
            "value" : "8DAB-105327"
        },
        "No of Typicals":{
            "value" :""
        },
        "SAP Number:": {
            "value" : 573365
        },
        "No. Of Panels :":{
            "value" : 9
        },
        "Customer:":{
            "value" : "EDP-ENERGIAS DE PORTUGAL S.A."
        },
        " Detail Design issued for approval: ":{
            "value": ""
        },
        "Days For Approval":{
            "value": ""
        },
        "Add Participants" : {
            "value1":{
                "Participant:" : "Ruiz Pinedo, Patricia Isabel",
                "Contact:" : "Project Manager",
                "Email Id:" : "patricia.ruiz_pinedo@siemens.com",
                "Phone:" : ""
            },
            "value2":{
                "Participant:" : "",
                "Contact:" : "",
                "Email Id:" : "",
                "Phone:" : ""
            }
        }
    },
    "Documentation" :{
        " Please take note of the currently applied versions of CAD packages: " :{
            "value" : "ELCAD V.7.7.x"
        },
        " Documentation can be transferred in the following formats: ":{
            "value" : ["PDF","DXF","DWG"]
        },
        " Language of documentation: " :{
            "value" : ""
        },
        "Additional terminals" :{
            "value" : ""
        }
    },
    "Parameter Setting":{
        " Parameter settings of protection relays: ":{
            "value" : ""
        },
        " Parameter Settings of bus interface: " :{
            "value" : ""
        },
        "additionalParamSettings":{
            "value" : ""
        }
    },
    "Wiring Options" :{
        " CT circuit " :{
            "value" : "4,0 – 6mm2 for the CTs cl. 0.2s"
        },
        " VT circuit ":{
            "value" : "2,5"
        },
        "Control":{
            "value" :"1,5 (Standard)"
        },
        "Bus Wiring":{
            "value":"2,5 (Standard)"
        },
        " Colored Insulation " :{
            "value" : "Black (Standard)"
        },
        " Wire Type ":{
            "value" : "H05V-K/H07V-K (Standard)"
        },
        "Wire Marking":{
            "value" :"With"
        },
        "Type :":{
            "value" : "Printed or White Label"
        },
        "Text":{
            "value" : "Source & Destination"
        },
        "Panel Nameplate :" :{
            "value" : ["Plastic holder with paper 140 x 55 mm (Standard)","Other (provide detail)Additionally to the one with plastic holder, customer needs a small nameplate with the number of the panel in the top left of the LV door. Similar to 554500"]
        },
        "Control :":{
            "value" : "WAGO Topjob S"
        },
        "CT terminals:" :{
            "value":"UT 6-T/SP"
        },
        "Earth terminals :":{
            "value" : "UT 4-PE"
        },
        "Bus Wiring terminals:" : {
            "value" : "UPC3VK"
        },
        "Customer requirements for layout and connection of CT terminals :" :{
            "value" :"No As 554500"
        },
        "Customer requirements for layout and connection of VT terminals :" :{
            "value" :""
        },
        "Customer requirements for layout and connection of Tripping terminals" :{
            "value" :""
        },
        "Customer requirement for protection of Open Delta winding and connection of damping resistor :" :{
            "value" :"No As 554500"
        }
 
    },
    "Auxiliary Voltage" : {
        " Auxiliary Voltage " : {
            "value" : ["+H01"]
        }
    },
    "Overall switchgear interlocking" :{
        "Overall switchgear interlocking :" :{
            "value" :"according to Spec paragraph As 554500"
        },
        "On Load Busbar Transfer:":{
            "value" : ""
        },
        "Load Shedding:":{
            "value" : ""
        },
        "Others":{
            "value" : ""
        },
        "Description": {
            "value" : ""
        }
    },
    "Overall protection functions" : {
        "Overall protection functions :" :{
            "value" : ""
        }
    },
    "Heater and Lighting" :{
        "LV compartment lighting:":{
            "value" :["Yes","230V"]
        },
        "LV compartment Heater:":{
            "value" :["Yes","230V"]
        },
        },
        "CB Mechanism heater":{
            "value" :"No"
        },
        "LV compartment Utility Socket Outlet":{
            "value" :"Yes Norm of destination country SPAIN - 5TE6800"
        }
    },
    "Remote Control" : {
        "Remote Control" :{
            "value" : ""
        }
    },
    "Typicals Section" :{
        " Select Typicals ":{
            "value1" :{
                "Technical Details for Typical" : "Incomer =HZ08/=HZ09",
                "Typical Designation" : "",
                "value" : {
                    "Additional Earth Switch Functions" : ""
                }
            },
            "value2" :{
                "Technical Details for Typical" : "Transformer Feeder =HZ10",
                "Protection Relay" :"",
                "value" : {
                    "Additional Earth Switch Functions" : "",
                    "Signals From panel" : ""
                }
            }
        }
    }
}