{
    "Project Data" :{
        "Project Key Word:":{
            "value" :"Portestown"
        },
        "Switchgear Number:":{
            "value" : "NXPLUS_C-83707"
        },
        "No of Typicals":{
            "value" :""
        },
        "SAP Number:": {
            "value" : ""
        },
        "No. Of Panels :":{
            "value" : 2
        },
        "Customer:":{
            "value" : "Kirby"
        },
        " Detail Design issued for approval: ":{
            "value": ""
        },
        "Days For Approval":{
            "value": ""
        },
        "Add Participants" : {
            "value1":{
                "Participant:" : "Martin Lockwood",
                "Contact:" : "Project Manager",
                "Email Id:" : "Martin.lockwood@siemens.com",
                "Phone:" : "07808828907"
            },
            "value2":{
                "Participant:" : "",
                "Contact:" : "Project Designer",
                "Email Id:" : "",
                "Phone:" : ""
            }
        }
    },
    "Documentation" :{
        " Please take note of the currently applied versions of CAD packages: " :{
            "value" : ""
        },
        " Documentation can be transferred in the following formats: ":{
            "value" : "PDF"
        },
        " Language of documentation: " :{
            "value" : "English"
        },
        "Additional terminals" :{
            "value" : ""
        }
    },
    "Parameter Setting":{
        " Parameter settings of protection relays: ":{
            "value" : "SWF"
        },
        " Parameter Settings of bus interface: " :{
            "value" : ""
        },
        "additionalParamSettings":{
            "value" : ""
        }
    },
    "Wiring Options" :{
        " CT circuit " :{
            "value" : "2,5 (Standard)"
        },
        " VT circuit ":{
            "value" : "1,5 (Standard)"
        },
        "Control":{
            "value" :"1,5 (Standard)"
        },
        "Bus Wiring":{
            "value":"2,5 (Standard)"
        },
        " Colored Insulation " :{
            "value" : "Black (Standard)"
        },
        " Wire Type ":{
            "value" : "H05V-K/H07V-K (Standard)"
        },
        "Wire Marking":{
            "value" :""
        },
        "Type :":{
            "value" : "Adhesive White Label"
        },
        "Text":{
            "value" : "Source & Destination (Standard)"
        },
        "Panel Nameplate :" :{
            "value" : "Plastic holder with paper 140 x 55 mm (Standard)"
        },
        "Control :":{
            "value" : "VBSTB4-FS"
        },
        "CT terminals:" :{
            "value":"UT 6-T/SP"
        },
        "Earth terminals :":{
            "value" : "UT 4-PE"
        },
        "Bus Wiring terminals:" : {
            "value" : "UPC3VK"
        },
        "Customer requirements for layout and connection of CT terminals :" :{
            "value" :""
        },
        "Customer requirements for layout and connection of VT terminals :" :{
            "value" :""
        },
        "Customer requirements for layout and connection of Tripping terminals" :{
            "value" :""
        },
        "Customer requirement for protection of Open Delta winding and connection of damping resistor :" :{
            "value" :"No"
        }
 
    },
    "Auxiliary Voltage" : {
        " Auxiliary Voltage " : {
            "value" : ["HZ02"]
        }
    },
    "Overall switchgear interlocking" :{
        "Overall switchgear interlocking :" :{
            "value" :""
        },
        "On Load Busbar Transfer:":{
            "value" : "Not required"
        },
        "Load Shedding:":{
            "value" : "Not required"
        },
        "Others":{
            "value" : ""
        },
        "Description": {
            "value" : ""
        }
    },
    "Overall protection functions" : {
        "Overall protection functions :" :{
            "value" : ""
        }
    },
    "Heater and Lighting" :{
        "LV compartment lighting:":{
            "value" :["Yes","230V"]
        },
        "LV compartment Heater:":{
            "value" :""
        },
        },
        "CB Mechanism heater":{
            "value" :["Yes","230V"]
        },
        "LV compartment Utility Socket Outlet":{
            "value" :""
        }
    },
    "Remote Control" : {
        "Remote Control" :{
            "value" : ["Yes via remote volt free contacts to terminals","with Local / Remote switch"]
        }
    },
    "Typicals Section" :{
        " Select Typicals ":{
            "value1" :{
                "Technical Details for Typical" : "Incomer KZ02",
                "Typical Designation" : "",
                "value" : {
                    "Additional Earth Switch Functions" : ""
                }
            },
            "value2" :{
                "Technical Details for Typical" : "Feeder KZ01",
                "Protection Relay" :"G99/ G59 Overcurrent and directional earth fault",
                "value" : {
                    "Additional Earth Switch Functions" : "",
                    "Signals From panel" : ["Status indication CB in service, CB in test /isolatedI, Earth Switch closed","MCB Trip","Panel fault (common alarm)","SF6 Gas Fault","CB Trip indication","Protection operated","CB spring charged","Selector switch in local and in remote","Trip circuit supervision alarm (not active when in CB in circuit earth)"]
                }
            }
        }
    }
}