
{
    "Project Data" :{
        "Project Key Word:":{
            "value" :"Comanda Pirelli 20kV - Extindere 10 buc"
        },
        "Switchgear Number:":{
            "value" : "NXPLUS_C-73880"
        },
        "No of Typicals":{
            "value" :""
        },
        "SAP Number:": {
            "value" : "9500321102"
        },
        "No. Of Panels :":{
            "value" : ""
        },
        "Customer:":{
            "value" : ""
        },
        " Detail Design issued for approval: ":{
            "value": ""
        },
        "Days For Approval":{
            "value":""
        },
        "Add Participants" : {
            "value1":{
                "Participant:" : "Aspostol Costel",
                "Contact:" : "Project Manager",
                "Email Id:" : "",
                "Phone:" : ""
            },
            "value2":{
                "Participant:" : "",
                "Contact:" : "Project Designer ",
                "Email Id:" : "",
                "Phone:" : ""
            }
        }
    },
    "Documentation" :{
        " Please take note of the currently applied versions of CAD packages: " :{
            "value" : ""
        },
        " Documentation can be transferred in the following formats: ":{
            "value" : ["dxf / dwg Files","pdf Files"]
        },
        " Language of documentation: " :{
            "value" : "English"
        },
        "Additional terminals" :{
            "value" : ""
        }
    },
    "Parameter Setting":{
        " Parameter settings of protection relays: ":{
            "value" : "Customer"
        },
        " Parameter Settings of bus interface: " :{
            "value" : ""
        },
        "additionalParamSettings":{
            "value" : ""
        }
    },
    "Wiring Options" :{
        " CT circuit " :{
            "value" : "2,5 (Standard)"
        },
        " VT circuit ":{
            "value" : "1,5 (Standard)"
        },
        "Control":{
            "value" :"1,5 (Standard)"
        },
        "Bus Wiring":{
            "value":"2,5 (Standard)"
        },
        " Colored Insulation " :{
            "value" : ""
        },
        " Wire Type ":{
            "value" : ""
        },
        "Wire Marking":{
            "value" :""
        },
        "Type :":{
            "value" : ""
        },
        "Text":{
            "value" : ""
        },
        "Panel Nameplate :" :{
            "value" : "Plastic holder with paper 140 x 55 mm (Standard)"
        },
        "Control :":{
            "value" : ""
        },
        "CT terminals:" :{
            "value":""
        },
        "Earth terminals :":{
            "value" : ""
        },
        "Bus Wiring terminals:" : {
            "value" : ""
        },
        "Customer requirements for layout and connection of CT terminals :" :{
            "value" :"No"
        },
        "Customer requirements for layout and connection of VT terminals :" :{
            "value" :""
        },
        "Customer requirements for layout and connection of Tripping terminals" :{
            "value" :""
        },
        "Customer requirement for protection of Open Delta winding and connection of damping resistor :" :{
            "value" :"No"
        }
 
    },
    "Auxiliary Voltage" : {
        " Auxiliary Voltage " : {
            "value" : ""
        }
    },
    "Overall switchgear interlocking" :{
        "Overall switchgear interlocking :" :{
            "value" :"As Indicated Below"
        },
        "On Load Busbar Transfer:":{
            "value" : "Not Required"
        },
        "Load Shedding:":{
            "value" : "Not Required"
        },
        "Others":{
            "value" : ""
        },
        "Description": {
            "value" : ""
        }
    },
    "Overall protection functions" : {
        "Overall protection functions :" :{
            "value" : ""
        }
    },
    "Heater and Lighting" :{
        "LV compartment lighting:":{
            "value" :"230V AC"
        },
        "LV compartment Heater:":{
            "value" :"230V AC"
        },
        "CB Mechanism heater":{
            "value" :"230V AC"
        },
        "LV compartment Utility Socket Outlet":{
            "value" :"Yes"
        }
    },
    "Remote Control" : {
        "Remote Control" :{
            "value" : "Yes"
        }
    },
    "Typicals Section" :{
        " Select Typicals ":{
            "value1" :{
                "Technical Details for Typical" : "Outgoing Cable Feeder JZ05",
                "Typical Designation" : "",
                "value" : {
                    "Additional Earth Switch Functions" : "according to project 801765"
                }
            },
            "value2" :{
                "Technical Details for Typical" : "Bus Section / Bus Coupler JZ02, JZ03",
                "Protection Relay" :"",
                "value" : {
                    "Additional Earth Switch Functions" : "according to Browser and project 801765",
                    "Signals From panel" : ""
                }
            }
        }
    }
}