
{
    "Project Data" :{
        "Project Key Word:":{
            "value" :"GroenLeven - 24kV - klantstation Sellingen"
        },
        "Switchgear Number:":{
            "value" : "NXPLUS_C-83638"
        },
        "No of Typicals":{
            "value" :""
        },
        "SAP Number:": {
            "value" : "4512860065 Pos. 10"
        },
        "No. Of Panels :":{
            "value" : "7"
        },
        "Customer:":{
            "value" : "Groenleven"
        },
        " Detail Design issued for approval: ":{
            "value": ""
        },
        "Days For Approval":{
            "value":""
        },
        "Add Participants" : {
            "value1":{
                "Participant:" : "Bart van der Zander",
                "Contact:" : "Project Manager",
                "Email Id:" : "Bart.vander.zander@siemens.com",
                "Phone:" : "+31 (0)657088567"
            },
            "value2":{
                "Participant:" : "Bart van der Zander",
                "Contact:" : "Project Designer ",
                "Email Id:" : "Bart.vander.zander@siemens.com",
                "Phone:" : "+31 (0)657088567"
            }
        }
    },
    "Documentation" :{
        " Please take note of the currently applied versions of CAD packages: " :{
            "value" : ""
        },
        " Documentation can be transferred in the following formats: ":{
            "value" : ["dxf / dwg Files","pdf Files"]
        },
        " Language of documentation: " :{
            "value" : "English"
        },
        "Additional terminals" :{
            "value" : ""
        }
    },
    "Parameter Setting":{
        " Parameter settings of protection relays: ":{
            "value" : ""
        },
        " Parameter Settings of bus interface: " :{
            "value" : ""
        },
        "additionalParamSettings":{
            "value" : ""
        }
    },
    "Wiring Options" :{
        " CT circuit " :{
            "value" : "2,5 (Standard)"
        },
        " VT circuit ":{
            "value" : "1,5 (Standard)"
        },
        "Control":{
            "value" :"1,5 (Standard)"
        },
        "Bus Wiring":{
            "value":"2,5 (Standard)"
        },
        " Colored Insulation " :{
            "value" : "Black (Standard)"
        },
        " Wire Type ":{
            "value" : "H05V-K/H07V-K (Standard)(Silicon free, 70 Degree)"
        },
        "Wire Marking":{
            "value" :"Printed or White Label"
        },
        "Type :":{
            "value" : ""
        },
        "Text":{
            "value" : ""
        },
        "Panel Nameplate :" :{
            "value" : "Plastic holder with paper 140 x 55 mm (Standard)"
        },
        "Control :":{
            "value" : ""
        },
        "CT terminals:" :{
            "value":""
        },
        "Earth terminals :":{
            "value" : ""
        },
        "Bus Wiring terminals:" : {
            "value" : "screwable ringloops UPCV3K-F 1881202"
        },
        "Customer requirements for layout and connection of CT terminals :" :{
            "value" :""
        },
        "Customer requirements for layout and connection of VT terminals :" :{
            "value" :""
        },
        "Customer requirements for layout and connection of Tripping terminals" :{
            "value" :""
        },
        "Customer requirement for protection of Open Delta winding and connection of damping resistor :" :{
            "value" :"No"
        }
 
    },
    "Auxiliary Voltage" : {
        " Auxiliary Voltage " : {
            "value" : ""
        }
    },
    "Overall switchgear interlocking" :{
        "Overall switchgear interlocking :" :{
            "value" :"As Indicated Below"
        },
        "On Load Busbar Transfer:":{
            "value" : "Not Required"
        },
        "Load Shedding:":{
            "value" : "Not Required"
        },
        "Others":{
            "value" : ""
        },
        "Description": {
            "value" : ""
        }
    },
    "Overall protection functions" : {
        "Overall protection functions :" :{
            "value" : ""
        }
    },
    "Heater and Lighting" :{
        "LV compartment lighting:":{
            "value" :"No"
        },
        "LV compartment Heater:":{
            "value" :"No"
        },
        "CB Mechanism heater":{
            "value" :"No"
        },
        "LV compartment Utility Socket Outlet":{
            "value" :"No"
        }
    },
    "Remote Control" : {
        "Remote Control" :{
            "value" : "No"
        }
    },
    "Typicals Section" :{
        " Select Typicals ":{
            "value1" :{
                "Technical Details for Typical" : "KZ01b",
                "Typical Designation" : "Panel",
                "value" : {
                    "Additional Earth Switch Functions" : "Only manual control"
                }
            },
            "value2" :{
                "Technical Details for Typical" : "",
                "Protection Relay" :"",
                "value" : {
                    "Additional Earth Switch Functions" : "",
                    "Signals From panel" : ""
                }
            }
        }
    }
}