{
    "Project Data" :{
        "Project Key Word:":{
            "value" :"SWG 22.9kV MOVIL"
        },
        "Switchgear Number:":{
            "value" : "NXPLUS_C-84299"
        },
        "No of Typicals":{
            "value" :""
        },
        "SAP Number:": {
            "value" : ""
        },
        "No. Of Panels :":{
            "value" : 3
        },
        "Customer:":{
            "value" : "RED DE ENERGIA DEL PERU S.A"
        },
        " Detail Design issued for approval: ":{
            "value": ""
        },
        "Days For Approval":{
            "value": ""
        },
        "Add Participants" : {
            "value1":{
                "Participant:" : "Karina Mejia Bravo",
                "Contact:" : "Project Manager",
                "Email Id:" : "karina.mejia_bravo@siemens.com",
                "Phone:" : "+51 964168113"
            },
            "value2":{
                "Participant:" : "Cesar Jaramillo Payano",
                "Contact:" : "Project Designer ",
                "Email Id:" : "cesardavid.jaramillopayano@siemens.com",
                "Phone:" : "+51 987985502"
            }
        }
    },
    "Documentation" :{
        " Please take note of the currently applied versions of CAD packages: " :{
            "value" : "ELCAD V.7.7.x"
        },
        " Documentation can be transferred in the following formats: ":{
            "value" : ["PDF","DXF","DWG"]
        },
        " Language of documentation: " :{
            "value" : "English"
        },
        "Additional terminals" :{
            "value" : "Please consider PCMI document “PCMI_ELECIN” with functional description and hints for design."
        }
    },
    "Parameter Setting":{
        " Parameter settings of protection relays: ":{
            "value" : "Customer"
        },
        " Parameter Settings of bus interface: " :{
            "value" : "Customer"
        },
        "additionalParamSettings":{
            "value" : ""
        }
    },
    "Wiring Options" :{
        " CT circuit " :{
            "value" : "2,5 (Standard)"
        },
        " VT circuit ":{
            "value" : "1,5 (Standard)"
        },
        "Control":{
            "value" :"1,5 (Standard)"
        },
        "Bus Wiring":{
            "value":"2,5 (Standard)"
        },
        " Colored Insulation " :{
            "value" : "Black (Standard)"
        },
        " Wire Type ":{
            "value" : "H05V-K/H07V-K (Standard)(Silicon free, 70 °C)"
        },
        "Wire Marking":{
            "value" :"with"
        },
        "Type :":{
            "value" : "Heat shrink tube sleeves"
        },
        "Text":{
            "value" : "Source and Destination (Standard)"
        },
        "Panel Nameplate :" :{
            "value" : "Plastic holder with paper 140 x 55 mm (Standard)"
        },
        "Control :":{
            "value" : "VBSTB4-FS"
        },
        "CT terminals:" :{
            "value":"UT 6-T/SP"
        },
        "Earth terminals :":{
            "value" : "UT 4-PE"
        },
        "Bus Wiring terminals:" : {
            "value" : "UPC3VK"
        },
        "Customer requirements for layout and connection of CT terminals :" :{
            "value" :"No"
        },
        "Customer requirements for layout and connection of VT terminals :" :{
            "value" :"No"
        },
        "Customer requirements for layout and connection of Tripping terminals" :{
            "value" :""
        },
        "Customer requirement for protection of Open Delta winding and connection of damping resistor :" :{
            "value" :"No"
        }
 
    },
    "Auxiliary Voltage" : {
        " Auxiliary Voltage " : {
            "value" : ""
        }
    },
    "Overall switchgear interlocking" :{
        "Overall switchgear interlocking :" :{
            "value" :"As Indicated Below"
        },
        "On Load Busbar Transfer:":{
            "value" : "Not Required"
        },
        "Load Shedding:":{
            "value" : "Not Required"
        },
        "Others":{
            "value" : ""
        },
        "Description": {
            "value" : ""
        }
    },
    "Overall protection functions" : {
        "Overall protection functions :" :{
            "value" : ""
        }
    },
    "Heater and Lighting" :{
        "LV compartment lighting:":{
            "value" :"220V AC"
        },
        "LV compartment Heater:":{
            "value" :"220V AC"
        },
        "CB Mechanism heater":{
            "value" :"  "
        },
        "LV compartment Utility Socket Outlet":{
            "value" :"Yes"
        }
    },
    "Remote Control" : {
        "Remote Control" :{
            "value" : ["Yes","with Local / Remote switch","conventional switch  (e.g. toggle or key switch)"]
        }
    },
    "Typicals Section" :{
        " Select Typicals ":{
            "value1" :{
                "Technical Details for Typical" : "Incomer JZ02",
                "Typical Designation" : "Incomer JZ02",
                "value" : {
                    "Additional Earth Switch Functions" : "Only mechanical operation"
                }
            },
            "value2" :{
                "Technical Details for Typical" : "Incomer JZ03",
                "Protection Relay" :"",
                "value" : {
                    "Additional Earth Switch Functions" : "Only mechanical operation",
                    "Signals From panel" : ["Status indication CB, Isolator, Earth Switch","MCB Trip","SF6 Gas Fault","CB Trip indication"]
                }
            }
        }
    }
}