{
    "Project Data" :{
        "Project Key Word:":{
            "value" :"WBBH 33kV Switchboard - SUB2113 (SB2805.SB01)"
        },
        "Switchgear Number:":{
            "value" : "NXPLUSCW-08770"
        },
        "No of Typicals":{
            "value" :""
        },
        "SAP Number:": {
            "value" : ""
        },
        "No. Of Panels :":{
            "value" : 4
        },
        "Customer:":{
            "value" : "Rio Tinto"
        },
        " Detail Design issued for approval: ":{
            "value": "Yes"
        },
        "Days For Approval":{
            "value": 10
        },
        "Add Participants" : {
            "value1":{
                "Participant:" : "Syed Muhammad, Afzal",
                "Contact:" : "Project Manager",
                "Email Id:" : "Syed.afzal@siemens.com",
                "Phone:" : "+61 (408) 565-524"
            },
            "value2":{
                "Participant:" : "Hejazi, Kourosh",
                "Contact:" : "Project Designer ",
                "Email Id:" : "kourosh.hejazi@siemens.com",
                "Phone:" : "+61 447 291-382"
            }
        }
    },
    "Documentation" :{
        " Please take note of the currently applied versions of CAD packages: " :{
            "value" : ""
        },
        " Documentation can be transferred in the following formats: ":{
            "value" : ["PDF","DXF","DWG"]
        },
        " Language of documentation: " :{
            "value" : "English"
        },
        "Additional terminals" :{
            "value" : ""
        }
    },
    "Parameter Setting":{
        " Parameter settings of protection relays: ":{
            "value" : "Customer"
        },
        " Parameter Settings of bus interface: " :{
            "value" : "Customer"
        },
        "additionalParamSettings":{
            "value" : ""
        }
    },
    "Wiring Options" :{
        " CT circuit " :{
            "value" : "2,5 (Standard)"
        },
        " VT circuit ":{
            "value" : "2,5"
        },
        "Control":{
            "value" :"1,5 (Standard)"
        },
        "Bus Wiring":{
            "value":"2,5 (Standard)"
        },
        " Colored Insulation " :{
            "value" : "Colored CT, VT and Primary: L1-Red, L2-White, L3-Blue - For secondary wiring: Siemens standard"
        },
        " Wire Type ":{
            "value" : "H05V-K/H07V-K (Standard)(Silicon free, 70 °C)"
        },
        "Wire Marking":{
            "value" :"with"
        },
        "Type :":{
            "value" : "Adhesive White Label"
        },
        "Text":{
            "value" : "Source and Destination (Standard)"
        },
        "Panel Nameplate :" :{
            "value" : "Plastic holder with paper 140 x 55 mm (Standard)"
        },
        "Control :":{
            "value" : "VBSTB4-FS"
        },
        "CT terminals:" :{
            "value":"UT 6-T/SP"
        },
        "Earth terminals :":{
            "value" : "UT 4-PE"
        },
        "Bus Wiring terminals:" : {
            "value" : "UPC3VK"
        },
        "Customer requirements for layout and connection of CT terminals :" :{
            "value" :"Yes (provide detail)   CT terminals (relay input) shall have the facility for automatic short circuiting of the CT secondary when the relay is withdrawn and shall be suitable for the connection of current injection test equipment in all phases and neutral."
        },
        "Customer requirements for layout and connection of VT terminals :" :{
            "value" :""
        },
        "Customer requirements for layout and connection of Tripping terminals" :{
            "value" :""
        },
        "Customer requirement for protection of Open Delta winding and connection of damping resistor :" :{
            "value" :"No"
        }
 
    },
    "Auxiliary Voltage" : {
        " Auxiliary Voltage " : {
            "value" : ""
        }
    },
    "Overall switchgear interlocking" :{
        "Overall switchgear interlocking :" :{
            "value" :"As Indicated Below"
        },
        "On Load Busbar Transfer:":{
            "value" : "Not Required"
        },
        "Load Shedding:":{
            "value" : "Not Required"
        },
        "Others":{
            "value" : ""
        },
        "Description": {
            "value" : ""
        }
    },
    "Overall protection functions" : {
        "Overall protection functions :" :{
            "value" : "as per PCMI"
        }
    },
    "Heater and Lighting" :{
        "LV compartment lighting:":{
            "value" :"230V AC"
        },
        "LV compartment Heater:":{
            "value" :"No"
        },
        "CB Mechanism heater":{
            "value" :"No"
        },
        "LV compartment Utility Socket Outlet":{
            "value" :"No"
        }
    },
    "Remote Control" : {
        "Remote Control" :{
            "value" : "Yes,with External Local / Remote switch (as per PCMI)"
        }
    },
    "Typicals Section": {
        " Select Typicals ":{
            "value1" :{
                "Technical Details for Typical" : "HZ01",
                "Typical Designation" : "HZ01 - Typical 1",
                "value" : {
                    "Additional Earth Switch Functions" : "Conventional control elements "
                }
            },
            "value2" :{
                "Technical Details for Typical" : "HZ02",
                "Protection Relay" :"as indicated below: PCMI",
                "value" : {
                    "Additional Earth Switch Functions" : "Conventional control elements ",
                    "Signals From panel" : ["as per PCMI"]
                }
            }
        }
    }
}