{
    "Project Data" :{
        "Project Key Word:":{
            "value" :"NxPlus C 36 kV - PFV TICO"
        },
        "Switchgear Number:":{
            "value" : "NXPLUS_C-83998"
        },
        "No of Typicals":{
            "value" :""
        },
        "SAP Number:": {
            "value" : 4517940980
        },
        "No. Of Panels :":{
            "value" : 14
        },
        "Customer:":{
            "value" : "EGP"
        },
        " Detail Design issued for approval: ":{
            "value": ""
        },
        "Days For Approval":{
            "value": ""
        },
        "Add Participants" : {
            "value1":{
                "Participant:" : "Martinez Rodriguez, Paula",
                "Contact:" : "Project Manager",
                "Email Id:" : "paula.martinez@siemens.com",
                "Phone:" : ""
            },
            "value2":{
                "Participant:" : "",
                "Contact:" : "",
                "Email Id:" : "",
                "Phone:" : ""
            }
        }
    },
    "Documentation" :{
        " Please take note of the currently applied versions of CAD packages: " :{
            "value" : ""
        },
        " Documentation can be transferred in the following formats: ":{
            "value" : ["PDF","DXF","DWG","CAD"]
        },
        " Language of documentation: " :{
            "value" : "Other(Spanish)"
        },
        "Additional terminals" :{
            "value" : ""
        }
    },
    "Parameter Setting":{
        " Parameter settings of protection relays: ":{
            "value" : "Customer"
        },
        " Parameter Settings of bus interface: " :{
            "value" : "Customer"
        },
        "additionalParamSettings":{
            "value" : ""
        }
    },
    "Wiring Options" :{
        " CT circuit " :{
            "value" : "2,5 (Standard)"
        },
        " VT circuit ":{
            "value" : "2,5 "
        },
        "Control":{
            "value" :"1,5 (Standard)"
        },
        "Bus Wiring":{
            "value":"2,5 (Standard)"
        },
        " Colored Insulation " :{
            "value" : "Black"
        },
        " Wire Type ":{
            "value" : "H05Z-K/H07Z-K(halogen and silicon free, 90 °C)"
        },
        "Wire Marking":{
            "value" :"with"
        },
        "Type :":{
            "value" : "Adhesive White Label"
        },
        "Text":{
            "value" : "Source and Destination (Standard)"
        },
        "Panel Nameplate :" :{
            "value" : "Plastic holder with paper 140 x 55 mm (Standard)"
        },
        "Control :":{
            "value" : "VBSTB4-FS"
        },
        "CT terminals:" :{
            "value":"UT 6-T/SP"
        },
        "Earth terminals :":{
            "value" : "UT 4-PE"
        },
        "Bus Wiring terminals:" : {
            "value" : "UPC3VK"
        },
        "Customer requirements for layout and connection of CT terminals :" :{
            "value" :"No"
        },
        "Customer requirements for layout and connection of VT terminals :" :{
            "value" :"No"
        },
        "Customer requirements for layout and connection of Tripping terminals" :{
            "value" :"No"
        },
        "Customer requirement for protection of Open Delta winding and connection of damping resistor :" :{
            "value" :"No"
        }
 
    },
    "Auxiliary Voltage" : {
        " Auxiliary Voltage " : {
            "value" : ""
        }
    },
    "Overall switchgear interlocking" :{
        "Overall switchgear interlocking :" :{
            "value" :""
        },
        "On Load Busbar Transfer:":{
            "value" : "Not Required"
        },
        "Load Shedding:":{
            "value" : "Not Required"
        },
        "Others":{
            "value" : ""
        },
        "Description": {
            "value" : ""
        }
    },
    "Overall protection functions" : {
        "Overall protection functions :" :{
            "value" : "as indicated below"
        }
    },
    "Heater and Lighting" :{
        "LV compartment lighting:":{
            "value" :"230V AC"
        },
        "LV compartment Heater:":{
            "value" :"230V AC"
        },
        "CB Mechanism heater":{
            "value" :"No"
        },
        "LV compartment Utility Socket Outlet":{
            "value" :"Yes"
        }
    },
    "Remote Control" : {
        "Remote Control" :{
            "value" : ["Yes","1 with Local / Remote switch","conventional switch  (e.g. toggle or key switch)"]
        }
    },
    "Typicals Section" :{
        " Select Typicals ":{
            "value1" :{
                "Technical Details for Typical" : "Incomer: HZ01, HZ01a",
                "Typical Designation" : "Incomer - Typical 1",
                "value" : {
                    "Additional Earth Switch Functions" : "Only mechanical operation"
                }
            },
            "value2" :{
                "Technical Details for Typical" : "Transformer Feeder (SSAA): HZ03",
                "Protection Relay" :"Protection relay with control",
                "value" : {
                    "Additional Earth Switch Functions" : "Only mechanical operation",
                    "Signals From panel" : ["Status indication CB", "Isolator","Earth Switch","SF6 Gas Fault","Protection relay fault","Protection relay MCB trip"]
                }
            }
        }
    }
}