{
    "Project Data" :{
        "Project Key Word:":{
            "value" :"12kV Amersfoort 2 (additionele velden)"
        },
        "Switchgear Number:":{
            "value" : "NXPLUS_C-70370"
        },
        "No of Typicals":{
            "value" :"0"
        },
        "SAP Number:": {
            "value" : 4511280365
        },
        "No. Of Panels :":{
            "value" : 4
        },
        "Customer:":{
            "value" : "Stedin B.V."
        },
        " Detail Design issued for approval: ":{
            "value": ""
        },
        "Days For Approval":{
            "value": 7
        },
        "Add Participants" : {
            "value1":{
                "Participant:" : "Ardaseer, Sebastiaan",
                "Contact:" : "Project Manager",
                "Email Id:" : "Sebastiaan.ardaseer@siemens.com",
                "Phone:" : "+31653588874"
            },
            "value2":{
                "Participant:" : "Ardaseer, Sebastiaan",
                "Contact:" : "Project Designer ",
                "Email Id:" : "Sebastiaan.ardaseer@siemens.com",
                "Phone:" : "+31653588874"
            }
        }
    },
    "Documentation" :{
        " Please take note of the currently applied versions of CAD packages: " :{
            "value" : ""
        },
        " Documentation can be transferred in the following formats: ":{
            "value" : ["PDF","DXF"]
        },
        " Language of documentation: " :{
            "value" : ["English","Other"]
        },
        "Additional terminals" :{
            "value" : ""
        }
    },
    "Parameter Setting":{
        " Parameter settings of protection relays: ":{
            "value" : ""
        },
        " Parameter Settings of bus interface: " :{
            "value" : ""
        },
        "additionalParamSettings":{
            "value" : ""
        }
    },
    "Wiring Options" :{
        " CT circuit " :{
            "value" : "2,5 (Standard)"
        },
        " VT circuit ":{
            "value" : "1,5 (Standard)"
        },
        "Control":{
            "value" :"1,5 (Standard)"
        },
        "Bus Wiring":{
            "value":"2,5 (Standard)"
        },
        " Colored Insulation " :{
            "value" : "Black (Standard)"
        },
        " Wire Type ":{
            "value" : "H05V-K/H07V-K (Standard)(Silicon free, 70 °C)"
        },
        "Wire Marking":{
            "value" :"without"
        },
        "Type :":{
            "value" : ""
        },
        "Text":{
            "value" : ""
        },
        "Panel Nameplate :" :{
            "value" : "Plastic holder with paper 140 x 55 mm (Standard)"
        },
        "Control :":{
            "value" : ""
        },
        "CT terminals:" :{
            "value":"URTK/SP"
        },
        "Earth terminals :":{
            "value" : ""
        },
        "Bus Wiring terminals:" : {
            "value" : "screwable ringloops UPCV3K-F 1881202"
        },
        "Customer requirements for layout and connection of CT terminals :" :{
            "value" :""
        },
        "Customer requirements for layout and connection of VT terminals :" :{
            "value" :""
        },
        "Customer requirements for layout and connection of Tripping terminals" :{
            "value" :""
        },
        "Customer requirement for protection of Open Delta winding and connection of damping resistor :" :{
            "value" :""
        }
 
    },
    "Auxiliary Voltage" : {
        " Auxiliary Voltage " : {
            "value" : "Redundant supply "
        }
    },
    "Overall switchgear interlocking" :{
        "Overall switchgear interlocking :" :{
            "value" :"according to previous projects "
        },
        "On Load Busbar Transfer:":{
            "value" : ""
        },
        "Load Shedding:":{
            "value" : ""
        },
        "Others":{
            "value" : ""
        },
        "Description": {
            "value" : ""
        }
    },
    "Overall protection functions" : {
        "Overall protection functions :" :{
            "value" : "according to Spec paragraph:Protection functions are integrated in the IED’s no ‘’special’’ items need to wired "
        }
    },
    "Heater and Lighting" :{
        "LV compartment lighting:":{
            "value" :"No"
        },
        "LV compartment Heater:":{
            "value" :"No"
        },
        "CB Mechanism heater":{
            "value" :"No"
        },
        "LV compartment Utility Socket Outlet":{
            "value" :"No"
        }
    },
    "Remote Control" : {
        "Remote Control" :{
            "value" : "yes,in Sprecher relay"
        }
    },
    "Typicals Section" :{
        " Select Typicals ":{
            "value1" :{
                "Technical Details for Typical" : "KZ01 up to KZ06",
                "Typical Designation" : "KZ01 up to KZ06",
                "value" : {
                    "Additional Earth Switch Functions" : "Sprecher"
                }
            },
            "value2" :{
                "Technical Details for Typical" : "",
                "Protection Relay" :"",
                "value" : {
                    "Additional Earth Switch Functions" : "",
                    "Signals From panel" : []
                }
            }
        }
    }
}