{
    "Project Data" :{
        "Project Key Word:":{
            "value" :"PSFV BAOBAB (SEGOVIA) 90MVA 2000A 30KV 25KA_FINAL"
        },
        "Switchgear Number:":{
            "value" : "8DAB-101561"
        },
        "No of Typicals":{
            "value" :""
        },
        "SAP Number:": {
            "value" : 568384
        },
        "No. Of Panels :":{
            "value" : 9
        },
        "Customer:":{
            "value" : "IGNIS"
        },
        " Detail Design issued for approval: ":{
            "value": ""
        },
        "Days For Approval":{
            "value": "10"
        },
        "Add Participants" : {
            "value1":{
                "Participant:" : "Ruiz Cortegoso, Alfonso",
                "Contact:" : "Project Manager",
                "Email Id:" : "alfonso.ruiz-cortegoso@siemens.com",
                "Phone:" : ""
            },
            "value2":{
                "Participant:" : "",
                "Contact:" : "",
                "Email Id:" : "",
                "Phone:" : ""
            }
        }
    },
    "Documentation" :{
        " Please take note of the currently applied versions of CAD packages: " :{
            "value" : "ELCAD V.7.7.x"
        },
        " Documentation can be transferred in the following formats: ":{
            "value" : ["PDF","DXF","DWG"]
        },
        " Language of documentation: " :{
            "value" : "Other:Spanish"
        },
        "Additional terminals" :{
            "value" : ""
        }
    },
    "Parameter Setting":{
        " Parameter settings of protection relays: ":{
            "value" : "Customer"
        },
        " Parameter Settings of bus interface: " :{
            "value" : "Customer"
        },
        "additionalParamSettings":{
            "value" : ""
        }
    },
    "Wiring Options" :{
        " CT circuit " :{
            "value" : ""
        },
        " VT circuit ":{
            "value" : ""
        },
        "Control":{
            "value" :""
        },
        "Bus Wiring":{
            "value":""
        },
        " Colored Insulation " :{
            "value" : "Black (Standard)"
        },
        " Wire Type ":{
            "value" : "H05Z-K/H07Z-K(halogen and silicon free, 90 °C)"
        },
        "Wire Marking":{
            "value" :""
        },
        "Type :":{
            "value" : "Adhesive White Label"
        },
        "Text":{
            "value" : "Source & Destination (Standard) "
        },
        "Panel Nameplate :" :{
            "value" : "Plastic holder with paper 140 x 55 mm (Standard)"
        },
        "Control :":{
            "value" : "WAGO Topjob S"
        },
        "CT terminals:" :{
            "value":"UT 6-T/SP"
        },
        "Earth terminals :":{
            "value" : "UT 4-PE"
        },
        "Bus Wiring terminals:" : {
            "value" : "UPC3VK"
        },
        "Customer requirements for layout and connection of CT terminals :" :{
            "value" :"Yes (provide detail)   Same as Ref num 4519812869"
        },
        "Customer requirements for layout and connection of VT terminals :" :{
            "value" :""
        },
        "Customer requirements for layout and connection of Tripping terminals" :{
            "value" :""
        },
        "Customer requirement for protection of Open Delta winding and connection of damping resistor :" :{
            "value" :"Yes (provide detail)   Same as Ref num 4519812869 Siemens standard damping resistor"
        }
 
    },
    "Auxiliary Voltage" : {
        " Auxiliary Voltage " : {
            "value" : ""
        }
    },
    "Overall switchgear interlocking" :{
        "Overall switchgear interlocking :" :{
            "value" :""
        },
        "On Load Busbar Transfer:":{
            "value" : "Not Required"
        },
        "Load Shedding:":{
            "value" : "Not Required"
        },
        "Others":{
            "value" : ""
        },
        "Description": {
            "value" : ""
        }
    },
    "Overall protection functions" : {
        "Overall protection functions :" :{
            "value" : "according to Spec paragraph below"
        }
    },
    "Heater and Lighting" :{
        "LV compartment lighting:":{
            "value" :"230V AC"
        },
        "LV compartment Heater:":{
            "value" :"230V AC"
        },
        "CB Mechanism heater":{
            "value" :""
        },
        "LV compartment Utility Socket Outlet":{
            "value" :"Yes"
        }
    },
    "Remote Control" : {
        "Remote Control" :{
            "value" : ["Yes","with Local / Remote switch","conventional switch (e.g.toggle or key switch)"]
        }
    },
    "Typicals Section": {
        " Select Typicals ":{
            "value1" :{
                "Technical Details for Typical" : "Incomer HZ02 HZ021 HZ022 HZ023 ",
                "Typical Designation" : "",
                "value" : {
                    "Additional Earth Switch Functions" : "AND AS 550989-001100"
                }
            },
            "value2" :{
                "Technical Details for Typical" : "Incomer HZ01 ",
                "Protection Relay" :"7SR5111-7AA16-0AA0 ",
                "value" : {
                    "Additional Earth Switch Functions" : "AND AS 550989-001100 ",
                    "Signals From panel" : ["Status indication CB, Isolator, Earth Switch","MCB Trip","SF6 Gas Fault","CB Trip indication","Protection relay fault","Spare wired to terminals","Spare DO/DI wired to terminals"]
                }
            }
        }
    }
}