{
    "Project Data" :{
        "Project Key Word:":{
            "value" :"CS 23-035-02 (PO)"
        },
        "Switchgear Number:":{
            "value" : "8DAB-100343"
        },
        "No of Typicals":{
            "value" :""
        },
        "SAP Number:": {
            "value" : ""
        },
        "No. Of Panels :":{
            "value" : 4
        },
        "Customer:":{
            "value" : "ENEL GREEN POWER CHILE S.A. (SANTIAGO)"
        },
        " Detail Design issued for approval: ":{
            "value": ""
        },
        "Days For Approval":{
            "value": "10"
        },
        "Add Participants" : {
            "value1":{
                "Participant:" : "Sepulveda Alvial, Segundo Alejandro",
                "Contact:" : "Project Manager",
                "Email Id:" : "segundo.sepulveda@siemens.com",
                "Phone:" : ""
            },
            "value2":{
                "Participant:" : "Nieto Vargas, John Fredy",
                "Contact:" : "",
                "Email Id:" : "",
                "Phone:" : ""
            }
        }
    },
    "Documentation" :{
        " Please take note of the currently applied versions of CAD packages: " :{
            "value" : "ELCAD V.7.7.x"
        },
        " Documentation can be transferred in the following formats: ":{
            "value" : ["PDF","DXF","DWG"]
        },
        " Language of documentation: " :{
            "value" : "Other"
        },
        "Additional terminals" :{
            "value" : ""
        }
    },
    "Parameter Setting":{
        " Parameter settings of protection relays: ":{
            "value" : "Customer"
        },
        " Parameter Settings of bus interface: " :{
            "value" : "Customer"
        },
        "additionalParamSettings":{
            "value" : ""
        }
    },
    "Wiring Options" :{
        " CT circuit " :{
            "value" : "4,0"
        },
        " VT circuit ":{
            "value" : "2,5"
        },
        "Control":{
            "value" :"1,5 (Standard)"
        },
        "Bus Wiring":{
            "value":"2,5 (Standard)"
        },
        " Colored Insulation " :{
            "value" : "Black (Standard)"
        },
        " Wire Type ":{
            "value" : "H05Z-K/H07Z-K(halogen and silicon free, 90 °C)"
        },
        "Wire Marking":{
            "value" :"With"
        },
        "Type :":{
            "value" : "Special markers on request"
        },
        "Text":{
            "value" : "Source & Destination (Standard) "
        },
        "Panel Nameplate :" :{
            "value" : "Plastic holder with paper 140 x 55 mm (Standard)"
        },
        "Control :":{
            "value" : "WAGO Topjob S"
        },
        "CT terminals:" :{
            "value":"UT 6-T/SP"
        },
        "Earth terminals :":{
            "value" : "UT 4-PE"
        },
        "Bus Wiring terminals:" : {
            "value" : "UPC3VK"
        },
        "Customer requirements for layout and connection of CT terminals :" :{
            "value" :"No"
        },
        "Customer requirements for layout and connection of VT terminals :" :{
            "value" :""
        },
        "Customer requirements for layout and connection of Tripping terminals" :{
            "value" :""
        },
        "Customer requirement for protection of Open Delta winding and connection of damping resistor :" :{
            "value" :"No"
        }
 
    },
    "Auxiliary Voltage" : {
        " Auxiliary Voltage " : {
            "value" : ""
        }
    },
    "Overall switchgear interlocking" :{
        "Overall switchgear interlocking :" :{
            "value" :"as indicated below: "
        },
        "On Load Busbar Transfer:":{
            "value" : "Not Required"
        },
        "Load Shedding:":{
            "value" : "Not Required"
        },
        "Others":{
            "value" : ""
        },
        "Description": {
            "value" : ""
        }
    },
    "Overall protection functions" : {
        "Overall protection functions :" :{
            "value" : "as indicated below:50/51, 50N/51N, 67/67N, 27 59/59N, 81, 24, 50BF"
        }
    },
    "Heater and Lighting" :{
        "LV compartment lighting:":{
            "value" :"230V AC"
        },
        "LV compartment Heater:":{
            "value" :"230V AC"
        },
        "CB Mechanism heater":{
            "value" :""
        },
        "LV compartment Utility Socket Outlet":{
            "value" :"Yes"
        }
    },
    "Remote Control" : {
        "Remote Control" :{
            "value" : ["Yes","with Local / Remote switch","conventional switch (e.g.toggle or key switch)"]
        }
    },
    "Typicals Section": {
        " Select Typicals ":{
            "value1" :{
                "Technical Details for Typical" : "Incomer = HZ01a",
                "Typical Designation" : "",
                "value" : {
                    "Additional Earth Switch Functions" : "Conventional control elements "
                }
            },
            "value2" :{
                "Technical Details for Typical" : "HZ01",
                "Protection Relay" :"7SJ85-P1J201557",
                "value" : {
                    "Additional Earth Switch Functions" : "Conventional control elements ",
                    "Signals From panel" : ["Status indication CB, Isolator, Earth Switch","MCB Trip","Panel fault (common alarm)  Indicate required signals  ","SF6 Gas Fault","Local/remote position","CB Trip indication"]
                }
            }
        }
    }
}