{
    "Project Data" :{
        "Project Key Word:":{
            "value" :"MD3.1- 11kV Class 1250A - SUDB"
        },
        "Switchgear Number:":{
            "value" : "NXPLUS_C-84920"
        },
        "No of Typicals":{
            "value" :""
        },
        "SAP Number:": {
            "value" : "4513011262" 
        },
        "No. Of Panels :":{
            "value" : 8
        },
        "Customer:":{
            "value" : "Equinix"
        },
        " Detail Design issued for approval: ":{
            "value": "Yes"
        },
        "Days For Approval":{
            "value": 15
        },
        "Add Participants" : {
            "value1":{
                "Participant:" : "Iguider, Ali",
                "Contact:" : "Project Manager",
                "Email Id:" : "ali.iguider@siemens.com",
                "Phone:" : "+31 6 30542996"
            },
            "value2":{
                "Participant:" : "Iguider, Ali",
                "Contact:" : "Project Designer ",
                "Email Id:" : "ali.iguider@siemens.com",
                "Phone:" : "+31 6 30542996"
            }
        }
    },
    "Documentation" :{
        " Please take note of the currently applied versions of CAD packages: " :{
            "value" : "ELCAD V.7.7.x"
        },
        " Documentation can be transferred in the following formats: ":{
            "value" : ""
        },
        " Language of documentation: " :{
            "value" : "English"
        },
        "Additional terminals" :{
            "value" : ""
        }
    },
    "Parameter Setting":{
        " Parameter settings of protection relays: ":{
            "value" : "Customer"
        },
        " Parameter Settings of bus interface: " :{
            "value" : ""
        },
        "additionalParamSettings":{
            "value" : ""
        }
    },
    "Wiring Options" :{
        " CT circuit " :{
            "value" : "4,0"
        },
        " VT circuit ":{
            "value" : "1,5 (Standard)"
        },
        "Control":{
            "value" :"1,5 (Standard)"
        },
        "Bus Wiring":{
            "value":"2,5 (Standard)"
        },
        " Colored Insulation " :{
            "value" : "Black (Standard)"
        },
        " Wire Type ":{
            "value" : "H05V-K/H07V-K (Standard)(Silicon free, 70 °C)"
        },
        "Wire Marking":{
            "value" :"With"
        },
        "Type :":{
            "value" : "Special markers on request"
        },
        "Text":{
            "value" : "Other"
        },
        "Panel Nameplate :" :{
            "value" : "Plastic holder with paper 140 x 55 mm (Standard)"
        },
        "Control :":{
            "value" : "VBSTB4-FS"
        },
        "CT terminals:" :{
            "value":"UT 6-T/SP"
        },
        "Earth terminals :":{
            "value" : "UT 4-PE"
        },
        "Bus Wiring terminals:" : {
            "value" : "UPC3VK"
        },
        "Customer requirements for layout and connection of CT terminals :" :{
            "value" :"No"
        },
        "Customer requirements for layout and connection of VT terminals :" :{
            "value" :""
        },
        "Customer requirements for layout and connection of Tripping terminals" :{
            "value" :""
        },
        "Customer requirement for protection of Open Delta winding and connection of damping resistor :" :{
            "value" :"No"
        }
 
    },
    "Auxiliary Voltage" : {
        " Auxiliary Voltage " : {
            "value" : ""
        }
    },
    "Overall switchgear interlocking" :{
        "Overall switchgear interlocking :" :{
            "value" :"As Indicated Below"
        },
        "On Load Busbar Transfer:":{
            "value" : "Not Required"
        },
        "Load Shedding:":{
            "value" : "Not Required"
        },
        "Others":{
            "value" : ""
        },
        "Description": {
            "value" : ""
        }
    },
    "Overall protection functions" : {
        "Overall protection functions :" :{
            "value" : ""
        }
    },
    "Heater and Lighting" :{
        "LV compartment lighting:":{
            "value" :"No"
        },
        "LV compartment Heater:":{
            "value" :"No"
        },
        "CB Mechanism heater":{
            "value" :"No"
        },
        "LV compartment Utility Socket Outlet":{
            "value" :"No"
        }
    },
    "Remote Control" : {
        "Remote Control" :{
            "value" : ["Yes","in Siprotec"]
        }
    },
    "Typicals Section": {
        " Select Typicals ":{
            "value1" :{
                "Technical Details for Typical" : "Incomer A1 1600A",
                "Typical Designation" : "",
                "value" : {
                    "Additional Earth Switch Functions" : "Conventional control elements "
                }
            },
            "value2" :{
                "Technical Details for Typical" : "Outgoing Cable Feeder A4",
                "Protection Relay" :"7SJ82-P1J187202 ",
                "value" : {
                    "Additional Earth Switch Functions" : "Conventional control elements ",
                    "Signals From panel" : ""
                }
            }
        }
    }
}