{
    "Project Data" :{
        "Project Key Word:":{
            "value" :"MS-Station Presswerk 2"
        },
        "Switchgear Number:":{
            "value" : "NXPLUS_C-82893"
        },
        "No of Typicals":{
            "value" :""
        },
        "SAP Number:": {
            "value" : ""
        },
        "No. Of Panels :":{
            "value" : 13
        },
        "Customer:":{
            "value" : "Strabag Kft."
        },
        " Detail Design issued for approval: ":{
            "value": "Yes"
        },
        "Days For Approval":{
            "value": ""
        },
        "Add Participants" : {
            "value1":{
                "Participant:" : "Flora, Zsolt Istvan",
                "Contact:" : "Project Manager",
                "Email Id:" : "zsolt.flora@siemens.com",
                "Phone:" : "+36 30 534 2527"
            },
            "value2":{
                "Participant:" : "Kalocsai, Gábor",
                "Contact:" : "Project Designer ",
                "Email Id:" : "gabor.kalocsai@siemens.com",
                "Phone:" : "+36 30 205 3813"
            }
        }
    },
    "Documentation" :{
        " Please take note of the currently applied versions of CAD packages: " :{
            "value" : ""
        },
        " Documentation can be transferred in the following formats: ":{
            "value" : ["PDF","CAD"]
        },
        " Language of documentation: " :{
            "value" : "German"
        },
        "Additional terminals" :{
            "value" : "Daimler' s standard wiring format (INTEGRA WELLE 6) based on EPLAN P8 has to be followed, the plans have to be delivered accordingly by the factory."
        }
    },
    "Parameter Setting":{
        " Parameter settings of protection relays: ":{
            "value" : "RC"
        },
        " Parameter Settings of bus interface: " :{
            "value" : ""
        },
        "additionalParamSettings":{
            "value" : ""
        }
    },
    "Wiring Options" :{
        " CT circuit " :{
            "value" : "2,5 (Standard)"
        },
        " VT circuit ":{
            "value" : "1,5 (Standard)"
        },
        "Control":{
            "value" :"1,5 (Standard)"
        },
        "Bus Wiring":{
            "value":"2,5 (Standard)"
        },
        " Colored Insulation " :{
            "value" : "Black (Standard)"
        },
        " Wire Type ":{
            "value" : "H05V-K/H07V-K (Standard)(Silicon free, 70 °C)"
        },
        "Wire Marking":{
            "value" :"With"
        },
        "Type :":{
            "value" : "Adhesive White Label"
        },
        "Text":{
            "value" : "Source & Destination (Standard) "
        },
        "Panel Nameplate :" :{
            "value" : "Plastic holder with paper 140 x 55 mm (Standard)"
        },
        "Control :":{
            "value" : "VBSTB4-FS"
        },
        "CT terminals:" :{
            "value":"UT 6-T/SP"
        },
        "Earth terminals :":{
            "value" : "UT 4-PE"
        },
        "Bus Wiring terminals:" : {
            "value" : "UPC3VK"
        },
        "Customer requirements for layout and connection of CT terminals :" :{
            "value" :"No"
        },
        "Customer requirements for layout and connection of VT terminals :" :{
            "value" :""
        },
        "Customer requirements for layout and connection of Tripping terminals" :{
            "value" :""
        },
        "Customer requirement for protection of Open Delta winding and connection of damping resistor :" :{
            "value" :"No"
        }
 
    },
    "Auxiliary Voltage" : {
        " Auxiliary Voltage " : {
            "value" : "220V DC"
        }
    },
    "Overall switchgear interlocking" :{
        "Overall switchgear interlocking :" :{
            "value" :""
        },
        "On Load Busbar Transfer:":{
            "value" : "Not Required"
        },
        "Load Shedding:":{
            "value" : "Not Required"
        },
        "Others":{
            "value" : "Required"
        },
        "Description": {
            "value" : "Detailed description required: Special DTO is used for busbar earthing with modified mimic diagram."
        }
    },
    "Overall protection functions" : {
        "Overall protection functions :" :{
            "value" : "Hardwired"
        }
    },
    "Heater and Lighting" :{
        "LV compartment lighting:":{
            "value" :"No"
        },
        "LV compartment Heater:":{
            "value" :"No"
        },
        "CB Mechanism heater":{
            "value" :"No"
        },
        "LV compartment Utility Socket Outlet":{
            "value" :"No"
        }
    },
    "Remote Control" : {
        "Remote Control" :{
            "value" : ""
        }
    },
    "Typicals Section": {
        " Select Typicals ":{
            "value1" :{
                "Technical Details for Typical" : "Incomer",
                "Typical Designation" : "",
                "value" : {
                    "Additional Earth Switch Functions" : ""
                }
            },
            "value2" :{
                "Technical Details for Typical" : "Transformer Feeder",
                "Protection Relay" :"",
                "value" : {
                    "Additional Earth Switch Functions" : "",
                    "Signals From panel" : ""
                }
            }
        }
    }
}