{
    "Project Data" :{
        "Project Key Word:":{
            "value" :"Chile  - Los Diques II DR"
        },
        "Switchgear Number:":{
            "value" : "NXPLUS_C-85638"
        },
        "No of Typicals":{
            "value" :""
        },
        "SAP Number:": {
            "value" : ""
        },
        "No. Of Panels :":{
            "value" : 5
        },
        "Customer:":{
            "value" : "Minera Candelaria"
        },
        " Detail Design issued for approval: ":{
            "value": ""
        },
        "Days For Approval":{
            "value": "7"
        },
        "Add Participants" : {
            "value1":{
                "Participant:" : "Ramos Gajardo, David Arturo",
                "Contact:" : "Project Manager",
                "Email Id:" : "davidramos@siemens.com",
                "Phone:" : ""
            },
            "value2":{
                "Participant:" : "",
                "Contact:" : "",
                "Email Id:" : "",
                "Phone:" : ""
            }
        }
    },
    "Documentation" :{
        " Please take note of the currently applied versions of CAD packages: " :{
            "value" : "ELCAD V.7.7.x"
        },
        " Documentation can be transferred in the following formats: ":{
            "value" : ["PDF","DXF","DWG"]
        },
        " Language of documentation: " :{
            "value" : "Other:Spanish"
        },
        "Additional terminals" :{
            "value" : ""
        }
    },
    "Parameter Setting":{
        " Parameter settings of protection relays: ":{
            "value" : "Customer"
        },
        " Parameter Settings of bus interface: " :{
            "value" : "Customer"
        },
        "additionalParamSettings":{
            "value" : ""
        }
    },
    "Wiring Options" :{
        " CT circuit " :{
            "value" : "4,0"
        },
        " VT circuit ":{
            "value" : "2,5"
        },
        "Control":{
            "value" :"2,5"
        },
        "Bus Wiring":{
            "value":"2,5 (Standard)"
        },
        " Colored Insulation " :{
            "value" : ""
        },
        " Wire Type ":{
            "value" : "H05Z-K/H07Z-K(halogen and silicon free, 90 °C)"
        },
        "Wire Marking":{
            "value" :"With"
        },
        "Type :":{
            "value" : "Special markers on request"
        },
        "Text":{
            "value" : ""
        },
        "Panel Nameplate :" :{
            "value" : "Plastic holder with paper 140 x 55 mm (Standard)"
        },
        "Control :":{
            "value" : "VBSTB4-FS"
        },
        "CT terminals:" :{
            "value":"UT 6-T/SP"
        },
        "Earth terminals :":{
            "value" : "UT 4-PE"
        },
        "Bus Wiring terminals:" : {
            "value" : "UPC3VK"
        },
        "Customer requirements for layout and connection of CT terminals :" :{
            "value" :"No"
        },
        "Customer requirements for layout and connection of VT terminals :" :{
            "value" :""
        },
        "Customer requirements for layout and connection of Tripping terminals" :{
            "value" :""
        },
        "Customer requirement for protection of Open Delta winding and connection of damping resistor :" :{
            "value" :"No"
        }
 
    },
    "Auxiliary Voltage" : {
        " Auxiliary Voltage " : {
            "value" : ""
        }
    },
    "Overall switchgear interlocking" :{
        "Overall switchgear interlocking :" :{
            "value" :"as indicated below: "
        },
        "On Load Busbar Transfer:":{
            "value" : "Not Required"
        },
        "Load Shedding:":{
            "value" : "Not Required"
        },
        "Others":{
            "value" : ""
        },
        "Description": {
            "value" : ""
        }
    },
    "Overall protection functions" : {
        "Overall protection functions :" :{
            "value" : ["as indicated below: As PCMI","Breaker Failure protection (50BF)","Hardwired"]
        }
    },
    "Heater and Lighting" :{
        "LV compartment lighting:":{
            "value" :"230V AC"
        },
        "LV compartment Heater:":{
            "value" :"230V AC"
        },
        "CB Mechanism heater":{
            "value" :"230V AC"
        },
        "LV compartment Utility Socket Outlet":{
            "value" :"Yes"
        }
    },
    "Remote Control" : {
        "Remote Control" :{
            "value" : ["Yes","with Local / Remote switch","conventional switch  Key Switch -S017 (e.g.toggle or key switch)"]
        }
    },
    "Typicals Section": {
        " Select Typicals ":{
            "value1" :{
                "Technical Details for Typical" : "Incomer =JZ01 +J03",
                "Typical Designation" : "",
                "value" : {
                    "Additional Earth Switch Functions" : "Operating mechanism for 3-pos.-switch without access and display"
                }
            },
            "value2" :{
                "Technical Details for Typical" : "Outgoing Cable Feeder:  =JZ02 + J01 + J02 +J04",
                "Protection Relay" :"7SJ85-P1J288097",
                "value" : {
                    "Additional Earth Switch Functions" : "",
                    "Signals From panel" : ["Status indication CB, Isolator, Earth Switch","FAILURE CONTROL MCB","External trip","SF6 Gas Fault","Life Contact (To next  panel)","REMOTE POSITION ","SPRING CHARGED ","SIGNAL CB TRIP "]
                }
            }
        }
    }
}