{
    "Project Data" :{
        "Project Key Word:":{
            "value" :"NIDEC_600023248"
        },
        "Switchgear Number:":{
            "value" : "NXPLUS_C-78145"
        },
        "No of Typicals":{
            "value" :""
        },
        "SAP Number:": {
            "value" : "" 
        },
        "No. Of Panels :":{
            "value" : 4
        },
        "Customer:":{
            "value" : "Nidec"
        },
        " Detail Design issued for approval: ":{
            "value": ""
        },
        "Days For Approval":{
            "value": 5
        },
        "Add Participants" : {
            "value1":{
                "Participant:" : "Benoit, Christophe",
                "Contact:" : "Project Manager",
                "Email Id:" : "christophe.benoit@siemens.com",
                "Phone:" : "+33 603 11 59 45"
            },
            "value2":{
                "Participant:" : "",
                "Contact:" : " ",
                "Email Id:" : "",
                "Phone:" : ""
            }
        }
    },
    "Documentation" :{
        " Please take note of the currently applied versions of CAD packages: " :{
            "value" : "ELCAD V.7.7.x"
        },
        " Documentation can be transferred in the following formats: ":{
            "value" : ["PDF","DXF","DWG"]
        },
        " Language of documentation: " :{
            "value" : "English"
        },
        "Additional terminals" :{
            "value" : ""
        }
    },
    "Parameter Setting":{
        " Parameter settings of protection relays: ":{
            "value" : "Customer"
        },
        " Parameter Settings of bus interface: " :{
            "value" : "Customer"
        },
        "additionalParamSettings":{
            "value" : ""
        }
    },
    "Wiring Options" :{
        " CT circuit " :{
            "value" : "4,0"
        },
        " VT circuit ":{
            "value" : "2,5"
        },
        "Control":{
            "value" :"1.5 (Standard)"
        },
        "Bus Wiring":{
            "value":"2.5 (Standard)"
        },
        " Colored Insulation " :{
            "value" : "Black (Standard)"
        },
        " Wire Type ":{
            "value" : "H05V-K/H07V-K (Standard)(Silicon free, 70 °C)"
        },
        "Wire Marking":{
            "value" :"with"
        },
        "Type :":{
            "value" : "Adhesive White Label"
        },
        "Text":{
            "value" : "Source and Destination (Standard)"
        },
        "Panel Nameplate :" :{
            "value" : "Plastic holder with paper 140 x 55 mm (Standard)"
        },
        "Control :":{
            "value" : "VBSTB4-FS"
        },
        "CT terminals:" :{
            "value":"UT 6-T/SP"
        },
        "Earth terminals :":{
            "value" : "UT 4-PE"
        },
        "Bus Wiring terminals:" : {
            "value" : "UPC3VK"
        },
        "Customer requirements for layout and connection of CT terminals :" :{
            "value" :"No"
        },
        "Customer requirements for layout and connection of VT terminals :" :{
            "value" :""
        },
        "Customer requirements for layout and connection of Tripping terminals" :{
            "value" :""
        },
        "Customer requirement for protection of Open Delta winding and connection of damping resistor :" :{
            "value" :"No"
        }
 
    },
    "Auxiliary Voltage" : {
        " Auxiliary Voltage " : {
            "value" : ""
        }
    },
    "Overall switchgear interlocking" :{
        "Overall switchgear interlocking :" :{
            "value" :"As Indicated Below"
        },
        "On Load Busbar Transfer:":{
            "value" : "Not Required"
        },
        "Load Shedding:":{
            "value" : "Not Required"
        },
        "Others":{
            "value" : "Detailed Description Required"
        },
        "Description": {
            "value" : "Detailed description required:see DTO on each typical"
        }
    },
    "Overall protection functions" : {
        "Overall protection functions :" :{
            "value" : "as indicated below: Bus (e.g. IEC 61850),Breaker Failure protection (50BF),Hardwired"
        }
    },
    "Heater and Lighting" :{
        "LV compartment lighting:":{
            "value" :"No"
        },
        "LV compartment Heater:":{
            "value" :"No"
        },
        "CB Mechanism heater":{
            "value" :"No"
        },
        "LV compartment Utility Socket Outlet":{
            "value" :"No"
        }
    },
    "Remote Control" : {
        "Remote Control" :{
            "value" : ["Yes","with Local / Remote switch","via Bus","in Siprotecvia Bus"]
        }
    },
    "Typicals Section": {
        " Select Typicals ":{
            "value1" :{
                "Technical Details for Typical" : "Feeder LZ01 / LZ03",
                "Typical Designation" : "",
                "value" : {
                    "Additional Earth Switch Functions" : ""
                }
            },
            "value2" :{
                "Technical Details for Typical" : "",
                "Protection Relay" :"",
                "value" : {
                    "Additional Earth Switch Functions" : "",
                    "Signals From panel" : ""
                }
            }
        }
    }
}