{
    "Project Data" :{
        "Project Key Word:":{
            "value" :"PE20112_DLPC_PH_REYES_NXC_8"
        },
        "Switchgear Number:":{
            "value" : "NXPLUS_C-74945"
        },
        "No of Typicals":{
            "value" :""
        },
        "SAP Number:": {
            "value" : "4509603287" 
        },
        "No. Of Panels :":{
            "value" : 8
        },
        "Customer:":{
            "value" : "Davao Light and Power Co. Inc."
        },
        " Detail Design issued for approval: ":{
            "value": ""
        },
        "Days For Approval":{
            "value": ""
        },
        "Add Participants" : {
            "value1":{
                "Participant:" : "Efendi, Mohamad",
                "Contact:" : "Project Manager",
                "Email Id:" : "mohamad.efendi@siemens.com",
                "Phone:" : "+62 21 24555137"
            },
            "value2":{
                "Participant:" : "Efendi, Mohamad",
                "Contact:" : "Project Designer ",
                "Email Id:" : "mohamad.efendi@siemens.com",
                "Phone:" : "+62 21 24555137"
            }
        }
    },
    "Documentation" :{
        " Please take note of the currently applied versions of CAD packages: " :{
            "value" : "ELCAD V.7.7.x"
        },
        " Documentation can be transferred in the following formats: ":{
            "value" : "PDF"
        },
        " Language of documentation: " :{
            "value" : "English"
        },
        "Additional terminals" :{
            "value" : ""
        }
    },
    "Parameter Setting":{
        " Parameter settings of protection relays: ":{
            "value" : "Customer"
        },
        " Parameter Settings of bus interface: " :{
            "value" : "Customer"
        },
        "additionalParamSettings":{
            "value" : ""
        }
    },
    "Wiring Options" :{
        " CT circuit " :{
            "value" : ""
        },
        " VT circuit ":{
            "value" : ""
        },
        "Control":{
            "value" :""
        },
        "Bus Wiring":{
            "value":""
        },
        " Colored Insulation " :{
            "value" : ""
        },
        " Wire Type ":{
            "value" : ""
        },
        "Wire Marking":{
            "value" :""
        },
        "Type :":{
            "value" : ""
        },
        "Text":{
            "value" : ""
        },
        "Panel Nameplate :" :{
            "value" : "Plastic holder with paper 140 x 55 mm (Standard)"
        },
        "Control :":{
            "value" : "VBSTB4-FS"
        },
        "CT terminals:" :{
            "value":"UT 6-T/SP"
        },
        "Earth terminals :":{
            "value" : "UT 4-PE"
        },
        "Bus Wiring terminals:" : {
            "value" : "UPC3VK"
        },
        "Customer requirements for layout and connection of CT terminals :" :{
            "value" :"No"
        },
        "Customer requirements for layout and connection of VT terminals :" :{
            "value" :""
        },
        "Customer requirements for layout and connection of Tripping terminals" :{
            "value" :""
        },
        "Customer requirement for protection of Open Delta winding and connection of damping resistor :" :{
            "value" :"No"
        }
 
    },
    "Auxiliary Voltage" : {
        " Auxiliary Voltage " : {
            "value" : ""
        }
    },
    "Overall switchgear interlocking" :{
        "Overall switchgear interlocking :" :{
            "value" :"As Indicated Below"
        },
        "On Load Busbar Transfer:":{
            "value" : "Not Required"
        },
        "Load Shedding:":{
            "value" : "Not Required"
        },
        "Others":{
            "value" : ""
        },
        "Description": {
            "value" : ""
        }
    },
    "Overall protection functions" : {
        "Overall protection functions :" :{
            "value" : ""
        }
    },
    "Heater and Lighting" :{
        "LV compartment lighting:":{
            "value" :"No"
        },
        "LV compartment Heater:":{
            "value" :"No"
        },
        "CB Mechanism heater":{
            "value" :"230V AC"
        },
        "LV compartment Utility Socket Outlet":{
            "value" :"Yes"
        }
    },
    "Remote Control" : {
        "Remote Control" :{
            "value" : ["Yes","with Local / Remote switch","conventional switch  (e.g. toggle or key switch)"]
        }
    },
    "Typicals Section": {
        " Select Typicals ":{
            "value1" :{
                "Technical Details for Typical" : "Incomer typical =KZ03 / +K01",
                "Typical Designation" : "",
                "value" : {
                    "Additional Earth Switch Functions" : "Only mechanical operation"
                }
            },
            "value2" :{
                "Technical Details for Typical" : "Feeder = KZ01/=KZ04 / +K02-K08",
                "Protection Relay" :"",
                "value" : {
                    "Additional Earth Switch Functions" : "",
                    "Signals From panel" : ["Status indication CB, Isolator, Earth Switch","CB Trip indication","SF6 Gas Fault","MCB Trip"]
                }
            }
        }
    }
}