{
    "Project Key Word:.": "Rob Valley 33 kV switchgear PABG",
    "Switchgear Number:.": "",
    "No of Typicals.": "",
    "SAP Number:.": "",
    "No. Of Panels :.": "",
    "Customer:.": "Rio Tinto /Calibre",
    " Detail Design issued for approval: .": "Yes",
    "Days For Approval.": "10",
    "Add Participants.1.Participant:": "Ken Machell",
    "Add Participants.1.Contact:": "Project Manager",
    "Add Participants.1.Email Id:": "Ken.Machell@siemens.com",
    "Add Participants.1.Phone:": "+61 438 048-622",
    "Add Participants.2.Participant:": "Beau Wang",
    "Add Participants.2.Contact:": "Project Engineer  ",
    "Add Participants.2.Email Id:": "beau.wang@siemens.com",
    "Add Participants.2.Phone:": "+61-(0)409827915",
    "Please take note of the currently applied versions of CAD packages: .": "",
    "Documentation can be transferred in the following formats: .": "['PDF', 'DFX', 'Documentation per panel']",
    "Language of documentation: .": "English",
    "Documentation.Additional terminals.": "",
    "Parameter settings of protection relays: .": "",
    "Parameter Settings of bus interface: .": "",
    "Parameter Setting.additionalParamSettings.": "",
    "CT circuit .": "2,5 (Standard)",
    "VT circuit .": "2,5",
    "Control.": "1,5 (Standard)",
    "Bus Wiring.": "2,5 (Standard)",
    "Colored Insulation .": "Coloured: CT/VT system: red/white/blue, black for neutral. 110VDC: White/Black. Earth: Yellow/Green. If any CT/VT are supplied with  black leads, they shall be colour-marked as red/white/blue using colour sleeves.",
    "Wire Type .": "Special (KUKO included): Ring loop wire: Heluterm 145 (450/750V, 145\u00b0) Other secondary wire other than ring loop: H07V-K (450/750V, V-70)",
    "Wire Marking.": "With",
    "Type :.": "Printed or White Label",
    "Text.": "Source & Destination",
    "Panel Nameplate :.": "Other: Nameplate for each panel shall be screwed, engraved traffolyte type. See attached \u201cPanel ID Label List\u201d",
    "Control :.": "",
    "CT terminals:.": "",
    "Earth terminals :.": "",
    "Bus Wiring terminals:.": "",
    "Customer requirements for layout and connection of CT terminals :.": "Yes All CT/VT wiring shall be via test blocks mounted on LV door. CB TRIP wiring shall be via test blocks mounted on LV door. CB/DS/ES OPEN/CLOSE wiring does NOT need test blocks.",
    "Customer requirements for layout and connection of VT terminals :.": "",
    "Customer requirements for layout and connection of Tripping terminals.": "",
    "Customer requirement for protection of Open Delta winding and connection of damping resistor :.": "No",
    "Auxiliary Voltage .": "",
    "Overall switchgear interlocking :.": "as indicated below:",
    "On Load Busbar Transfer:.": "Not required",
    "Load Shedding:.": "Not Required",
    "Others.": "Fortress Key interlocking is requried per attached Key Interlocking Schedule. Key interlocking shall interlock both mecahnical and electrical operation.",
    "Description.": "",
    "Detailed Description Required.Overall protection functions :.": "",
    "LV compartment lighting:.": "No      ",
    "LV compartment Heater:.": "No      ",
    "CB Mechanism heater.": "Yes 110V DC",
    "LV compartment Utility Socket Outlet.": "No",
    "Remote Control.Remote Control.": "with Local / Remote switch (located in remote switching & indication panel (RSIP))",
    "Technical Details for Typical": "HZ01- Incomer",
    "Typical Designation": "",
    "Additional Earth Switch Functions": "Relay and conventional control (conventional elements operate via relay BIs)",
    "2.Technical Details for Typical": "Transformer without Tx-diff protection: HZ03",
    "2.Protection Relay": "as indicated below:",
    "2.Additional Earth Switch Functions": "Relay and conventional control (conventional elements operate via relay BOs)",
    "2.Signals From panel": "['Status indication of CB, DS, ES for hardwiring to RSIP (remote switching/indication panel).', 'Status indication of CB, DS for hardwiring to remote Bus Zone protection relay 7SS8', 'BO assigned as Transformer Oil HH Temp intertrip', '33kV \u201cDS OPENNED\u201d N/O contact (interlocking to remote)', 'FEEDER EARTHED, i.e. TPS READY-TO-EARTH & CB CLOSED', 'CT wiring from 7UT8 to remote BZ protection relay 7SS8 via test blocks.']"
}