{
    "Project Key Word:.": "SE DRACO",
    "Switchgear Number:.": "NXPLUS_C-85274",
    "No of Typicals.": "",
    "SAP Number:.": "4518145727",
    "No. Of Panels :.": "5",
    "Customer:.": "ETRALUX",
    " Detail Design issued for approval: .": "",
    "Days For Approval.": "",
    "Add Participants.1.Participant:": "Sepulveda Fernandez De Tejada, Maria",
    "Add Participants.1.Contact:": "Project Manager",
    "Add Participants.1.Email Id:": "maria.sepulveda@siemens.com",
    "Add Participants.1.Phone:": "",
    "Add Participants.2.Participant:": "",
    "Add Participants.2.Contact:": "Project Designer ",
    "Add Participants.2.Email Id:": "",
    "Add Participants.2.Phone:": "",
    "Please take note of the currently applied versions of CAD packages: .": "ELCAD V.7.7.x",
    "Documentation can be transferred in the following formats: .": "['PDF', 'DFX', 'DWG']",
    "Language of documentation: .": "Other language: Spanish",
    "Additional terminals.": "",
    "Parameter settings of protection relays: .": "",
    "Parameter Settings of bus interface: .": "",
    "additionalParamSettings.": "",
    "CT circuit .": "2,5 (Standard)",
    "VT circuit .": "1,5 (Standard)",
    "Control.": "1,5 (Standard)",
    "Bus Wiring.": "2,5 (Standard)",
    "Colored Insulation .": "Black (Standard)",
    "Wire Type .": "H05Z-K/H07Z-K (halogen and silicon free, 90 \u00b0C)",
    "Wire Marking.": "With With Connection and Dest. (for printed and adhesive lable, heat shrink. sleeves)",
    "Type :.": "Adhesive White Label",
    "Text.": "Source & Destination (Standard) ",
    "Panel Nameplate :.": "Plastic holder with paper 140 x 55 mm (Standard)",
    "Control :.": "VBSTB4-FS",
    "CT terminals:.": "UT 6-T/SP",
    "Earth terminals :.": "UT 4-PE",
    "Bus Wiring terminals:.": "UPC3VK",
    "Customer requirements for layout and connection of CT terminals :.": "Yes (provide detail)   typical =HZ03 Inverted polarity P2-P1",
    "Customer requirements for layout and connection of VT terminals :.": "",
    "Customer requirements for layout and connection of Tripping terminals.": "",
    "Customer requirement for protection of Open Delta winding and connection of damping resistor :.": "No",
    "Auxiliary Voltage .": "External supply fed into panel: YES Monitored in panel: +H01",
    "Overall switchgear interlocking :.": "as indicated below:",
    "On Load Busbar Transfer:.": "Not required",
    "Load Shedding:.": "Not Required",
    "Others.": "Detailed description required",
    "Description.": "",
    "Detailed Description Required.Overall protection functions :.": "",
    "LV compartment lighting:.": "230V AC      ",
    "LV compartment Heater:.": "230V AC      ",
    "CB Mechanism heater.": "No",
    "LV compartment Utility Socket Outlet.": "Yes Norm of destination country SPAIN",
    "Remote Control.": "with Local / Remote switch conventional switch  (e.g. toggle or key switch)",
    "1.Technical Details for Typical": "Transformer Feeder: Typical =HZ01",
    "1.Typical Designation": "",
    "1.Additional Earth Switch Functions": "",
    "2.Technical Details for Typical": "Outgoing Cable Feeder: Typical =HZ03",
    "2.Protection Relay": "Customer supply: protection relay IRLF1BCAAAABA1A1000Z-0110",
    "2.Additional Earth Switch Functions": "",
    "2.Signals From panel": "['Status indication CB, Isolator, Earth Switch', 'MCB Trip', 'SF6 Gas Fault', 'CB Trip indication', 'Spare DO/DI wired to terminals', 'Spare wired to terminals', 'See excel file \u201cList of Signals_ Draco & El Pis\u00f3n_v00\u201d']"
}