{
    "Project Key Word:.": "Alsema 4 Velden NxplusC",
    "Switchgear Number:.": "NXPLUS_C-74584",
    "No of Typicals.": "",
    "SAP Number:.": "",
    "No. Of Panels :.": "4",
    "Customer:.": "Alsema",
    " Detail Design issued for approval: .": "Yes",
    "Days For Approval.": "5",
    "Add Participants.1.Participant:": "Asserghine, Hicham",
    "Add Participants.1.Contact:": "Project Manager",
    "Add Participants.1.Email Id:": "hicham.asserghine@siemens.com",
    "Add Participants.1.Phone:": "+31 6 19301538",
    "Add Participants.2.Participant:": "",
    "Add Participants.2.Contact:": "Project Designer ",
    "Add Participants.2.Email Id:": "",
    "Add Participants.2.Phone:": "",
    "Please take note of the currently applied versions of CAD packages: .": "",
    "Documentation can be transferred in the following formats: .": "['PDF']",
    "Language of documentation: .": "Other language: DUTCH",
    "Documentation.Additional terminals.": "",
    "Parameter Setting. Parameter settings of protection relays: .": "Customer",
    "Parameter Setting. Parameter Settings of bus interface: .": "",
    "Parameter Setting.additionalParamSettings.": "",
    "CT circuit .": "2,5 (Standard)",
    "VT circuit .": "1,5 (Standard)",
    "Control.": "1,5 (Standard)",
    "Bus Wiring.": "",
    "Colored Insulation .": "Black (Standard)",
    "Wire Type .": "",
    "Wire Marking.": "Without (Standard)",
    "Type :.": "Adhesive White Label",
    "Text.": "Source and Destination (Standard)",
    "Panel Nameplate :.": "Plastic holder with paper 140 x 55 mm (Standard)",
    "Control :.": "VBSTB4-FS",
    "CT terminals:.": "UT 6-T/SP",
    "Earth terminals :.": "UT 4-PE",
    "Bus Wiring terminals:.": "UPC3VK",
    "Customer requirements for layout and connection of CT terminals :.": "No",
    "Customer requirements for layout and connection of VT terminals :.": "",
    "Customer requirements for layout and connection of Tripping terminals.": "",
    "Customer requirement for protection of Open Delta winding and connection of damping resistor :.": "No",
    "Auxiliary Voltage .": "",
    "Overall switchgear interlocking :.": "",
    "On Load Busbar Transfer:.": "Not required",
    "Load Shedding:.": "Not Required",
    "Others.": "Detailed Description Required",
    "Description.": "",
    "Detailed Description Required.Overall protection functions :.": "",
    "LV compartment lighting:.": "",
    "LV compartment Heater:.": "",
    "CB Mechanism heater.": "",
    "LV compartment Utility Socket Outlet.": "",
    "Remote Control.": "No",
    "1.Technical Details for Typical": "",
    "1.Typical Designation": "",
    "1.Additional Earth Switch Functions": "",
    "2.Technical Details for Typical": "",
    "2.Protection Relay": "",
    "2.Additional Earth Switch Functions": "",
    "2.Signals From panel": "[]"
}