{
    "Project Key Word:.": "PFV PINOS PUENTE 1 41MVA 30KV 1250A 30KV 25KA 1s",
    "Switchgear Number:.": "NXPLUS_C-84580",
    "No of Typicals.": "",
    "SAP Number:.": "",
    "No. Of Panels :.": "5",
    "Customer:.": "BAYWA",
    " Detail Design issued for approval: .": "",
    "Days For Approval.": "",
    "Add Participants.1.Participant:": "Ruiz Pinedo, Patricia Isabel",
    "Add Participants.1.Contact:": "Project Manager",
    "Add Participants.1.Email Id:": "patricia.ruiz_pinedo@siemens.com",
    "Add Participants.1.Phone:": "",
    "Add Participants.2.Participant:": "",
    "Add Participants.2.Contact:": "Project Designer",
    "Add Participants.2.Email Id:": "",
    "Add Participants.2.Phone:": "",
    "Please take note of the currently applied versions of CAD packages: .": "ELCAD V.7.7.x",
    "Documentation can be transferred in the following formats: .": "['PDF', 'DFX', 'DWG']",
    "Language of documentation: .": "Other language:  Spanish",
    "Documentation.Additional terminals.": "",
    "Parameter settings of protection relays: .": "Customer",
    "Parameter Settings of bus interface: .": "",
    "Parameter Setting.additionalParamSettings.": "",
    "CT circuit .": "2,5 (Standard)",
    "VT circuit .": "1,5 (Standard)",
    "Control.": "1,5 (Standard)",
    "Bus Wiring.": "2,5 (Standard)",
    "Colored Insulation .": "Black (Standard)",
    "Wire Type .": "H05Z-K/H07Z-K (halogen and silicon free, 90 \u00b0C)",
    "Wire Marking.": "With",
    "Type :.": "Adhesive White Label",
    "Text.": "Source & Destination (Standard)",
    "Panel Nameplate :.": "Plastic holder with paper 140 x 55 mm (Standard)",
    "Control :.": "VBSTB4-FS",
    "CT terminals:.": "UT 6-T/SP",
    "Earth terminals :.": "UT 4-PE",
    "Bus Wiring terminals:.": "UPC3VK",
    "Customer requirements for layout and connection of CT terminals :.": "No",
    "Customer requirements for layout and connection of VT terminals :.": "",
    "Customer requirements for layout and connection of Tripping terminals.": "",
    "Customer requirement for protection of Open Delta winding and connection of damping resistor :.": "No",
    "Auxiliary Voltage .": "",
    "Overall switchgear interlocking :.": "as indicated below:",
    "On Load Busbar Transfer:.": "Not required",
    "Load Shedding:.": "Not Required",
    "Others.": "Detailed description required: ",
    "Description.": "",
    "Detailed Description Required.Overall protection functions :.": "",
    "LV compartment lighting:.": "Yes 230V AC",
    "LV compartment Heater:.": "Yes 230V AC",
    "CB Mechanism heater.": "No",
    "LV compartment Utility Socket Outlet.": "Yes Norm of destination country SPAIN",
    "Remote Control.": "Yes  with Local / Remote switch conventional switch  (e.g. toggle or key switch) ",
    "1.Technical Details for Typical": "Incomer =HZ02",
    "1.Typical Designation": "",
    "1..Additional Earth Switch Functions": "",
    "2.Technical Details for Typical": "Feeder =HZ03 /=HZ04",
    "2.Protection Relay": "according to Browser",
    "2.Additional Earth Switch Functions": "Relay and conventional control (conventional elements operate via relay BOs)",
    "2.Signals From panel": "['Status indication CB, Isolator, Earth Switch', 'MCB Trip', 'SF6 Gas Fault', 'Protection relay failure', 'MCB trip for Control and Protection']"
}