{
    "MODEL":{
    "ELECTRICAL":{
        "CREATED":{
            "INSTANCE":[
                {
                    "number":"3",
                    "description":"",
                    "name":"TYZ:PB_VL_MCCB",
                    "instType":"I",
                    "parent":"2",
                    "type":"PANELBOARD(TYZ:PANELBOARD)",
                    "isComplete":"Y",
                    "isConflicted":"Y",
                    "isCopyable":"N",
                    "isDeletable":"",
                    "CSTIC":[
                        {
                            "name":"A7JPB_DEVICE_INSTALLATION",
                            "value":"PROVISION",
                            "isVisible":"Y"
                        },
                        {
                            "name":"PLACING_COUNT",
                            "value":"1",
                            "isVisible":"Y"
                        },
                        {
                            "name":"A7JPB_VL_MCCB_POLES",
                            "value":"3",
                            "isVisible":"Y"
                        },
                        {
                            "name":"A7JPB_VL_MCCB_TRIP_AMPERAGE",
                            "value":"",
                            "isVisible":"Y"
                        }
                    ]
                },
                {
                    "number":"1",
                    "description":"",
                    "name":"TYZ:PANELBOARD",
                    "instType":"I",
                    "parent":"-1",
                    "type":"PANELBOARD(TYZ:PANELBOARD)",
                    "isComplete":"Y",
                    "isConflicted":"Y",
                    "isCopyable":"N",
                    "isDeletable":"",
                    "CSTIC":[
                        {
                            "name":"A7JPB_LIGHTING_PANEL",
                            "value":"42 CIRCUITS",
                            "isVisible":"Y"
                        },
                        {
                            "name":"A7J_DESIGNATION",
                            "value":"DP1413AA",
                            "isVisible":"Y"
                        },
                        {
                            "name":"A7JPB_SYSTEM_IR",
                            "value":"10000",
                            "isVisible":"Y"
                        },
                        {
                            "name":"A7JPB_GROUND_CONNECTOR",
                            "value":"TRUE",
                            "isVisible":"Y"
                        },
                        {
                            "name":"A7JPB_ENCLOSURE_TYPE",
                            "value":"1 INDOOR",
                            "isVisible":"Y"
                        },
                        {
                            "name":"A7JPB_FEED",
                            "value":"TOP",
                            "isVisible":"Y"
                        },
                        {
                            "name":"A7JPB_TRIM_MOUNTING",
                            "value":"SURFACE",
                            "isVisible":"Y"
                        },
                        {
                            "name":"A7JPB_SYSTEM_VOLTAGE",
                            "value":"208Y/120 3\\u00d8 4W WYE AC",
                            "isVisible":"Y"
                        },
                        {
                            "name":"A7JPB_GND_CONN_OPTIONS",
                            "value":"AL/CU",
                            "isVisible":"Y"
                        }
                    ]
                },
                {
                    "number":"2",
                    "description":"",
                    "name":"TYZ:PB_MAINS",
                    "instType":"I",
                    "parent":"1",
                    "type":"PANELBOARD(TYZ:PANELBOARD)",
                    "isComplete":"Y",
                    "isConflicted":"Y",
                    "isCopyable":"N",
                    "isDeletable":"",
                    "CSTIC":[
                        {
                            "name":"A7JPB_PANEL_CONFIGURATION2",
                            "value":"MLO",
                            "isVisible":"Y"
                        },
                        {
                            "name":"A7JPB_CHAR_AMP_MLO",
                            "value":"125",
                            "isVisible":"Y"
                        },
                        {
                            "name":"A7JPB_VL_MCCB_TRIP_AMPERAGE",
                            "value":"800",
                            "isVisible":"Y"
                        }
                    ]
                },
                {
                    "number":"4",
                    "description":"",
                    "name":"TYZ:PB_MAINS",
                    "instType":"I",
                    "parent":"1",
                    "type":"PANELBOARD(TYZ:PANELBOARD)",
                    "isComplete":"Y",
                    "isConflicted":"Y",
                    "isCopyable":"N",
                    "isDeletable":"",
                    "CSTIC":[
                        {
                            "name":"A7JPB_PANEL_CONFIGURATION2",
                            "value":"MLO",
                            "isVisible":"Y"
                        },
                        {
                            "name":"A7JPB_CHAR_AMP_MLO",
                            "value":"125",
                            "isVisible":"Y"
                        }
                    ]
                }
            ]
        }
    },
    "EPMName":"TYZPANELBOARD"
}
}